0.04859849,-0.0808394,0.045644157,0.07073975,-0.09163346,-0.067754015,0.02407394,-0.012334114,-0.14178374,-0.075599305,0.034095194,-0.11565687,-0.017337043,0.064584896,-0.03780163,0.088661134,0.11724188,0.07974935,-0.0851966,0.012603871,-0.096343234,0.03861734,0.10552308,0.010629583,0.099354796,-0.017297924,-0.053395715,-0.0077441507,0.059252806,-0.024806375,0.035661805,-0.05313991,-0.016544854,-0.092471406,-0.06746225,-0.03444286,0.08134399,-0.045682568,-0.04963182,-0.07558859,0.10476882,-0.09578427,-0.053041484,-0.13768879,-0.0016421358,0.021022284,0.054902345,-0.016478349,-0.07060882,0.08229182
-0.0034539546,-0.043762717,0.05835166,0.042451143,-0.09485327,-0.0774776,0.028113654,-0.004646354,-0.14657305,-0.095248066,0.045394275,-0.11654551,-0.04380144,0.04560254,-0.045179933,0.06475057,0.10786456,0.06173176,-0.097289205,0.01760814,-0.10886087,0.040906638,0.13339281,0.031009853,0.06708591,-0.010976274,-0.023210151,-0.044073563,0.06209022,-0.016425407,0.051101092,-0.0791106,-0.037792455,-0.096645564,-0.06431197,0.005540957,0.09374466,-0.041468836,-0.03773808,-0.06485815,0.12609933,-0.10237756,-0.043815847,-0.13015363,-0.0014432434,0.01674572,0.02387461,0.015940914,-0.059376013,0.08507177
0.008933363,-0.07166648,0.035463206,0.0718596,-0.082594536,-0.07759751,0.03937184,-0.0069014938,-0.1341044,-0.06764063,0.051196806,-0.10063205,-0.021076608,0.040641226,-0.01799959,0.08515536,0.10686573,0.07720439,-0.09834329,-0.0019368388,-0.07491917,0.02614604,0.11498444,0.01111078,0.09422855,-0.016272858,-0.0453196,-0.007875217,0.05413377,-0.025016686,0.052013557,-0.03829514,-0.012280501,-0.07478861,-0.063451655,-0.0039049222,0.10684729,-0.041060563,-0.044031367,-0.02723028,0.10218397,-0.08190668,-0.06307185,-0.13170417,0.016846193,0.04640412,0.040851854,-0.04169524,-0.06773237,0.07671488
0.01706099,-0.08847162,0.051344562,0.09885613,-0.09708103,-0.08890071,0.01796522,-0.041853875,-0.17534259,-0.08421524,0.04931684,-0.12293465,-0.01331851,0.04924085,-0.04096252,0.06561064,0.10103481,0.04928551,-0.120622456,-0.0027304136,-0.12731025,0.029973933,0.10270621,0.009862437,0.09111013,-0.01892305,-0.02051023,-0.03083232,0.062520534,-0.01421732,0.06701486,-0.07487172,-0.052283786,-0.07820518,-0.07694667,0.003488021,0.089424826,-0.047944088,-0.05702465,-0.034134757,0.11986012,-0.07497559,-0.058203228,-0.10809471,-0.023294626,0.03186492,0.02425693,-0.009874061,-0.06803438,0.095497005
0.005500615,-0.042904694,0.044107787,0.056992013,-0.05293046,-0.05678278,0.026772773,0.011254387,-0.13484542,-0.06494421,0.05555968,-0.102886416,0.0013134795,0.046582498,0.0018714347,0.040621996,0.12562202,0.103184395,-0.123176195,-0.025726037,-0.09181984,-0.004265746,0.10295142,-0.004701224,0.077399895,-0.01653852,-0.030484343,-0.0035152873,0.034314428,-0.009064258,0.049688153,-0.045367714,-0.03843672,-0.07245665,-0.09584293,0.009509884,0.08872256,-0.02663698,-0.05462101,-0.037237246,0.109900385,-0.07944467,-0.038794916,-0.09724846,0.034296483,0.06358142,0.022293981,-0.04800029,-0.070714034,0.06088517
-0.22898379,0.003679554,-0.04909211,0.028719293,0.020359918,-0.102572985,0.14090152,0.09200692,-0.3031822,0.046795286,0.1320506,0.034942072,0.04650047,-0.028671218,0.11472817,0.030216472,0.4401687,0.46726194,-0.3952565,-0.15976836,0.16176844,-0.061071705,0.3371333,-0.072262816,0.10718568,0.06591865,0.07945949,0.34173122,-0.23710947,-0.25313827,-0.01882041,0.1780578,0.14130135,-0.08626538,-0.2056522,-0.0028151374,0.35961536,-0.2710902,-0.1780834,0.2904648,0.07934188,-0.0025738757,-0.16324332,-0.14490661,0.46906653,0.21444446,-0.06223212,-0.2678009,0.10937194,0.07327252
-0.45278782,-0.00050689647,-0.32390434,-0.078825794,-0.07617289,-0.35357958,0.18242237,0.16661419,-0.26396394,0.05580905,0.11795643,0.07840936,-0.14291766,-0.17842647,0.03866748,-0.00725465,0.24615565,0.2967033,-0.42153326,-0.20735314,0.18729968,-0.12991302,0.294161,0.051027887,0.094335,-0.10892306,0.18154165,0.1880142,-0.26522404,-0.21531972,0.12472539,0.23701046,0.099975474,0.05932992,-0.056859866,0.34462646,0.6647659,-0.3118806,0.092653334,0.52141106,-0.03479186,-0.015422661,-0.21673615,-0.130257,0.38815764,0.27498248,-0.032894604,-0.30220452,0.12258247,0.11008732
-0.27765906,-0.10309053,-0.25718516,-0.02147542,-0.10238081,-0.38568464,0.08017181,-0.09374776,-0.20795958,0.052197833,0.23698825,0.04141751,0.12514797,-0.14377783,0.07052983,0.096170634,0.24966882,0.3395365,-0.42396775,-0.13380614,0.28201875,-0.017942367,0.14883412,0.018656487,0.22336046,0.06713838,0.17730118,0.36839154,-0.22163261,-0.27196282,0.07736056,0.17295837,0.12937614,0.1424592,-0.12233683,0.06985576,0.5145148,-0.2529019,-0.08764996,0.49575493,-0.1362219,0.11370328,-0.14718114,-0.122199245,0.4279327,0.2745504,0.0084995655,-0.40790945,0.12329632,0.10913623
-0.1728156,-0.1626554,-0.2755216,0.041878838,-0.050750956,-0.30469593,0.062291715,-0.11977204,-0.31888533,0.17843889,0.08575696,0.01302962,0.047307286,-0.078061946,0.023176247,0.10436603,0.33151874,0.40371326,-0.38952962,-0.16811796,0.17720623,-0.041580368,0.11671447,-0.16500065,0.20820443,-0.0027771106,0.17920174,0.258804,-0.24713132,-0.2848296,0.10543595,0.2904471,0.09372095,0.12966488,-0.19585769,0.10806491,0.34538147,-0.38201612,-0.0466046,0.4420719,-0.028340118,0.057081472,-0.110018134,-0.0973201,0.38919654,0.329615,-0.09779566,-0.3956022,0.117433235,0.09687549
-0.18304309,-0.085184254,0.038221784,0.19580214,-0.0038851835,-0.18751265,0.09233113,-0.07370855,-0.41435042,-0.054319374,0.12039031,-0.051405396,0.0009000317,0.030566927,-0.02270999,0.06764896,0.4424604,0.24159807,-0.40513346,-0.101109035,0.01170888,-0.04616585,0.31449234,-0.09550955,0.02535365,0.11811202,0.1439666,0.22892497,-0.1873621,-0.16383827,0.08533208,0.051394057,-0.043354616,-0.064158894,-0.12895359,0.096798144,0.21013103,-0.36102536,-0.093098395,0.3850284,0.21064776,0.021520779,-0.09176846,-0.08936489,0.23223893,0.1616745,-0.097039595,-0.1207127,0.17083165,0.10485536
-0.2362239,0.028158804,-0.08362763,-0.022226335,0.023973186,-0.11209599,0.14403811,0.13961856,-0.20441696,0.029603362,0.11856691,0.02926415,0.04061065,-0.088072225,0.16754077,0.06869885,0.34964272,0.38811782,-0.36004895,-0.12624262,0.17051773,-0.043663997,0.29497313,-0.05931126,0.08864664,0.015819186,0.0739983,0.30178708,-0.18868488,-0.17254077,-0.031104324,0.14328331,0.108020805,-0.06848136,-0.1808664,0.038974468,0.41117677,-0.21813628,-0.16032627,0.28135318,0.061443966,-0.0033936785,-0.13448119,-0.15881193,0.45418638,0.22614318,0.0055631953,-0.30081314,0.05021901,0.0699294
-0.38649288,0.02173802,-0.30234203,-0.096470006,-0.12332966,-0.3372381,0.19410677,0.1794849,-0.18995725,-0.089093514,0.19995332,0.056798812,0.0062954826,-0.19888501,0.08392743,-0.015860477,0.18836811,0.13955101,-0.45396256,-0.217018,0.16114712,-0.115699954,0.23324797,0.11311217,0.02634899,-0.107840456,0.22544289,0.17561711,-0.24843383,-0.025284642,0.103419185,0.077029034,-0.070511304,0.07614202,-0.07064422,0.35993096,0.6183593,-0.264178,0.03348814,0.44200623,-0.06071062,0.069930375,-0.0914691,-0.09303768,0.36758897,0.28461608,0.016987428,-0.31353647,0.06272454,0.09286982
-0.17942956,-0.06238284,-0.26804397,-0.02235414,-0.046140254,-0.34502956,0.11346101,0.06455987,-0.1630775,-0.009277938,0.18582435,0.03152672,0.06253956,-0.011991935,0.037723094,0.1477689,0.2663581,0.33504304,-0.31051677,-0.18618914,0.34119937,-0.011933436,0.16123837,-0.03527762,0.20453884,0.05015844,0.11597741,0.32666326,-0.27980894,-0.1528274,0.043574136,0.20853826,0.10262438,0.16416954,-0.09549704,0.1317877,0.42315316,-0.305961,-0.01662916,0.35764456,-0.13024035,0.053959083,-0.07027165,-0.14579877,0.35609445,0.2940109,0.020503504,-0.4030756,0.122481465,0.08052885
-0.16541359,-0.14890288,-0.3002983,0.057023123,-0.09176325,-0.3013755,0.1456727,0.025923336,-0.23412192,0.04179615,0.14131875,0.036072798,0.09193305,-0.09163738,0.077364996,0.13500986,0.2666494,0.25303936,-0.38472998,-0.2037313,0.22630888,-0.0601139,0.13471894,-0.056858867,0.17081878,-0.05853382,0.14910845,0.29691607,-0.26425636,-0.12792261,0.06432488,0.21420056,0.034708902,0.12521021,-0.12862837,0.15688914,0.44642714,-0.36389053,-0.07381769,0.41449484,-0.088886544,0.10580799,-0.106145985,-0.12919737,0.3622711,0.31563228,0.02382077,-0.4281765,0.055530757,0.10561127
-0.24774833,-0.042081006,-0.010122295,0.10255355,0.016437119,-0.18823145,0.08248962,-0.07275,-0.38618845,0.00473553,0.107762836,-0.03305991,0.014508965,-0.042832695,0.0318092,0.03687268,0.3894642,0.29376826,-0.4298932,-0.1255677,0.03582555,-0.030028583,0.28268898,-0.13856332,0.024992768,0.10261506,0.20346792,0.2070634,-0.2082487,-0.16574639,0.093986295,0.06163302,-0.04057683,-0.029577537,-0.18333139,0.12637135,0.23753598,-0.32742903,-0.09727274,0.39881837,0.18751332,0.032398716,-0.07818338,-0.046178997,0.3235254,0.22088811,-0.1488262,-0.1796425,0.16829635,0.08994065
-0.21402551,0.015488834,-0.10382873,-0.06421968,-0.010013835,-0.06524505,0.17789274,0.1845381,-0.21468122,0.08151799,0.087470345,0.08154293,0.07131933,-0.12863807,0.1301728,-0.008916731,0.41981313,0.42410752,-0.38260934,-0.15552069,0.18146896,-0.11881551,0.29694682,-0.02440821,0.0592139,0.0035831772,0.04407295,0.36863944,-0.25788748,-0.19062859,-0.07464829,0.15764639,0.15967512,-0.13693784,-0.15308015,0.007816727,0.39264596,-0.17354488,-0.047400992,0.28850105,0.01413537,0.006451673,-0.19253038,-0.14578305,0.5583549,0.21190085,0.04472405,-0.3008218,0.088271044,0.0036287967
-0.2953926,-0.012797629,-0.35209024,-0.17388415,-0.15627287,-0.4141066,0.02755939,0.10784784,-0.30705154,-0.0051600304,-0.0010001652,-0.010207724,-0.055608496,-0.16219151,-0.07042798,-0.03629344,0.24360488,0.21455264,-0.45266977,-0.14328933,0.08108855,-0.05211518,0.14302593,0.02940422,0.06659808,-0.1505413,0.30694067,0.21646415,-0.30986038,-0.10849212,0.011202967,0.04975518,-0.016673638,-0.001848122,-0.092714205,0.2648299,0.58662486,-0.30652633,0.10407407,0.37502387,-0.06844801,-0.010537173,-0.122721426,-0.054652855,0.31978628,0.1390305,0.09174422,-0.18521255,0.15506688,0.15712938
-0.24309435,-0.07828917,-0.25677487,-0.031911198,-0.1155874,-0.34295824,0.15826173,0.08852001,-0.06397078,-0.005614341,0.2544698,0.07560913,0.09220215,-0.15081985,0.11874169,0.1196047,0.2225823,0.27189636,-0.33984807,-0.15159205,0.3411297,-0.06469332,0.15033762,0.092509165,0.1958544,-0.013992326,0.039678268,0.37301987,-0.18789795,-0.17564458,0.015194047,0.18245998,0.17797048,0.10577565,-0.03898991,0.0998732,0.57719815,-0.17146665,-0.024633886,0.44183412,-0.16192678,0.09626736,-0.17833437,-0.18617013,0.4066285,0.2552278,0.16376474,-0.42972344,0.050923057,0.07814545
-0.14012997,-0.06127609,-0.30360088,-0.044530764,-0.10157939,-0.3214615,0.13581148,0.15701239,-0.1562543,-0.06125465,0.18155481,0.0970584,0.11410559,0.026331564,0.01982966,0.118489906,0.3070337,0.30312958,-0.30513003,-0.20829882,0.3768536,0.0034705885,0.18610308,0.069721945,0.20865056,0.00210075,0.14684077,0.47211483,-0.36660415,-0.18527165,-0.1031633,0.21772876,0.13133018,0.13012916,-0.08779611,0.040119953,0.51395077,-0.4505632,-0.17410268,0.27189556,-0.2500546,0.08959714,-0.0669995,-0.17451026,0.39590555,0.15150546,0.08966842,-0.35824463,0.11184585,0.1386869
-0.27459666,0.038603194,-0.02569728,0.02880553,0.10902443,-0.11038529,0.11255807,0.081273705,-0.2634159,0.055084042,0.11675476,-0.0019246524,-0.047044262,-0.011315264,0.123491965,0.020103488,0.4163266,0.382612,-0.34774107,-0.11268032,0.075831205,-0.16042161,0.33157405,-0.040918026,0.06702032,0.05288509,0.07589352,0.2667353,-0.16468938,-0.24643658,0.0723381,0.18492924,0.07158371,-0.045394905,-0.15722565,0.08080935,0.34503564,-0.28122887,-0.15006341,0.34960377,0.15091933,-0.06398396,-0.117940225,-0.1315499,0.3240314,0.19658759,-0.045900837,-0.23833291,0.079610474,0.058768075
-0.16318543,0.0060410416,-0.080153346,0.0074609923,0.006849895,-0.14364922,0.13489148,0.13659406,-0.29739577,-0.039284468,0.109323405,-0.04928645,0.06518554,-0.024056323,0.08883918,0.064626835,0.41808575,0.39668682,-0.41393173,-0.18964875,0.12891062,-0.07454332,0.29454193,-0.07918844,0.07541175,0.039879184,0.071223676,0.31985173,-0.2438121,-0.053935412,0.04552116,0.045415603,0.03100268,-0.12509899,-0.1515774,0.04944022,0.31267107,-0.18167393,-0.002591235,0.2713612,0.117360346,-0.016812654,-0.12035273,-0.12649596,0.41801634,0.25912425,0.054491065,-0.29007137,0.113672026,0.028657813
-0.40809375,0.039713327,-0.28873846,-0.15025854,-0.1655001,-0.2419397,0.26302,0.22721536,-0.23220313,-0.015079952,0.16443385,0.120121196,-0.03393176,-0.19385818,0.041540604,-0.10726287,0.2105523,0.22046016,-0.43008685,-0.28509378,0.1754296,-0.1721341,0.30454364,0.13607371,0.00021424226,-0.11627315,0.18379655,0.11208562,-0.31242004,-0.06913113,0.10854758,0.14311615,0.022788744,0.019339945,-0.0884341,0.3628785,0.5546796,-0.20839986,0.10377106,0.35172772,-0.04965148,0.02250505,-0.17540477,-0.111877136,0.4341673,0.29822463,-0.0730357,-0.2735127,0.090616316,0.03175622
-0.33326098,-0.012612591,-0.19359827,-0.035579838,-0.084504105,-0.4402585,0.07546387,-0.028784925,-0.121509865,-0.01912241,0.3099651,0.028815053,0.0833323,-0.13481674,0.08989975,0.07596809,0.28172696,0.30328864,-0.42602372,-0.095215105,0.30350533,-0.03896645,0.1846566,0.09659923,0.19936156,0.064477034,0.161745,0.36680904,-0.17233796,-0.29330465,0.043834265,0.17118473,0.13961816,0.14542766,-0.10037992,0.13831405,0.6134998,-0.25575018,-0.12444403,0.5256697,-0.13017386,0.10693746,-0.10828498,-0.1684951,0.3999859,0.22489068,0.052001026,-0.36621985,0.08350407,0.1447705
-0.26581296,0.0028101003,-0.204597,-0.0059256996,0.028609654,-0.40682045,0.03772013,0.02624926,-0.089401,-0.007585962,0.24727724,0.016096829,0.061859984,-0.04127512,0.08408322,0.1541637,0.35387993,0.30315948,-0.3628144,-0.059243385,0.3379436,-0.037884623,0.16222842,0.0036074729,0.16443507,0.072360896,0.16915119,0.4211976,-0.21381274,-0.25614858,-0.0008057423,0.21027248,0.09225061,0.181103,-0.06928939,0.12982816,0.53095675,-0.3712833,-0.14687791,0.5296713,-0.10672028,0.07575628,-0.010162139,-0.15335247,0.34406936,0.21433306,0.08235732,-0.36223945,0.11388451,0.13608736
-0.23332103,-0.02274707,-0.015938036,0.080140926,0.021367032,-0.14133485,0.11632334,0.010879504,-0.32774118,-0.0010947505,0.13258654,-0.004056649,-0.012661812,-0.024566244,0.031209173,0.03417923,0.4077737,0.31548098,-0.37328866,-0.12015841,0.0727415,-0.068756275,0.32197234,-0.045584,0.05468519,0.09141306,0.11670458,0.22453336,-0.18406293,-0.20888285,0.066046655,0.13519599,0.036906097,-0.039775785,-0.15546542,0.09525779,0.27198684,-0.31224194,-0.12064608,0.32864052,0.13921389,-0.0063719763,-0.08504347,-0.101636305,0.32893854,0.2029792,-0.11247763,-0.19030078,0.12333606,0.07060007
-0.23516388,-0.030394135,-0.14120716,-0.019845255,-0.033878278,-0.11458541,0.15690373,0.04678371,-0.33720064,0.07534248,0.0269057,0.043693386,0.002548527,-0.08190019,0.033693735,0.09173965,0.36491272,0.36807883,-0.35560986,-0.15130423,0.18290547,-0.021383075,0.33605066,-0.056478158,0.059599943,0.06518393,0.13911238,0.3452039,-0.2915951,-0.17908062,0.04613814,0.13367188,0.13285178,-0.13185789,-0.07660443,-0.024182212,0.2938764,-0.28315473,-0.0058701164,0.34368387,0.06876119,0.014961271,-0.19608021,-0.11540652,0.46260706,0.17337684,-0.024356438,-0.23501134,0.21719971,0.036394913
-0.24414892,-0.013357063,-0.21883668,-0.055300742,-0.0594281,-0.3572648,0.034312997,0.0534763,-0.23220095,0.01468865,0.1019467,-0.011038978,-0.042139832,-0.07897323,-0.026042238,0.00020809175,0.34908798,0.22015765,-0.4080662,-0.06923771,0.055530384,-0.11989191,0.1663185,0.033698883,0.06699857,-0.079719044,0.20235981,0.18005419,-0.19261813,-0.20213331,0.015325708,0.16256188,-0.037356533,0.0797638,-0.1259428,0.27234542,0.5186275,-0.3687094,-0.028165355,0.3776491,-0.004966864,-0.020457655,-0.020795112,-0.14091873,0.25413227,0.17608882,0.022283526,-0.20022088,0.064702794,0.15153098
-0.15757313,-0.045215,-0.33726507,-0.12787576,-0.11591817,-0.38065407,0.042426568,0.092663564,-0.13339458,0.019025955,0.14399679,0.024948165,0.067185976,-0.035871696,0.0069851726,0.015497566,0.2989675,0.29882237,-0.36629638,-0.13152957,0.2113784,-0.11781864,0.092807755,0.10287475,0.18796167,-0.08372968,0.16052073,0.34273037,-0.2645717,-0.22655359,-0.01967346,0.22682264,0.08252112,0.1261575,-0.113311745,0.14228815,0.5475833,-0.34899056,-0.04981418,0.305204,-0.19670363,0.02373449,-0.03486587,-0.1568961,0.32982525,0.17623942,0.12365135,-0.32881114,0.045552723,0.11465182
-0.21305141,-0.13458598,-0.20987277,0.083943315,-0.10409444,-0.32628164,0.16086775,-0.024124978,-0.16584785,0.003263199,0.24267797,0.036313813,0.118241005,-0.108377755,0.08777052,0.18539174,0.22101295,0.26785547,-0.353179,-0.17327286,0.33708066,0.01846265,0.17059396,-0.040603813,0.20048647,0.04885555,0.08722654,0.31961778,-0.19251226,-0.14956753,0.0923337,0.15721686,0.12502183,0.11115927,-0.067399636,0.095347725,0.4295396,-0.21599364,-0.03883346,0.47220287,-0.086230144,0.12234516,-0.16017218,-0.14556931,0.38317147,0.31606293,0.038589984,-0.42597952,0.09822596,0.07784303
-0.22063828,-0.0020553835,0.0364472,0.1194705,0.04966058,-0.21572703,0.102846056,-0.01384498,-0.2921261,-0.062635094,0.19069317,-0.04990857,-0.009791837,-0.019224837,0.01725417,0.11466127,0.4739117,0.31961602,-0.38388908,-0.0835757,0.14506164,-0.0322381,0.32974294,-0.104222685,0.03906961,0.16497304,0.0903966,0.2359194,-0.15511692,-0.15919049,0.073721774,0.10071656,0.016267186,-0.031104835,-0.12358039,0.1410649,0.24209346,-0.27439067,-0.021751398,0.42437544,0.19692922,0.0013974822,-0.040898245,-0.13095091,0.33217868,0.2523413,-0.0731079,-0.2121485,0.16810338,0.054644812
-0.15791628,-0.032090385,-0.105824426,0.0024866492,0.0040175947,-0.11546825,0.1253508,0.096310526,-0.29869395,0.06249209,0.059552327,-0.0011648571,0.040956225,-0.028789444,0.0809605,0.065893084,0.3823413,0.44267166,-0.36000603,-0.17330422,0.14637382,-0.043654285,0.2716295,-0.091149405,0.12948532,0.028682765,0.060311954,0.33814648,-0.24488942,-0.17929426,0.011449505,0.13606063,0.13859558,-0.10322573,-0.16008231,-0.03027953,0.32150662,-0.2215783,-0.06685535,0.24200672,0.053677235,-0.017893035,-0.17164211,-0.13156135,0.43561846,0.21653412,0.010736973,-0.2859869,0.11459696,0.055543292
-0.4442296,0.08738785,-0.298196,-0.22439384,-0.12647815,-0.3942071,0.098713025,0.15924108,-0.19369017,0.004899582,0.17292427,0.074162304,-0.04754064,-0.1787836,0.015207384,-0.11730914,0.24809074,0.2884225,-0.4594125,-0.16147323,0.17322995,-0.113466874,0.22250025,0.15733105,0.07801605,-0.10327199,0.2759341,0.21437182,-0.29456738,-0.24325195,0.009692322,0.14696094,0.06380035,0.09689247,-0.12994602,0.31371894,0.7105089,-0.2967415,-0.041548107,0.380497,-0.13649455,0.00692537,-0.11632615,-0.11540305,0.4088238,0.18151319,-0.02485569,-0.22408777,0.095980614,0.16057976
-0.20195165,-0.07468243,-0.23450175,-0.028002229,-0.09641781,-0.3577722,0.06806752,-0.014647807,-0.1919763,0.022380674,0.1979908,0.017994152,0.0978267,-0.06244528,0.05320965,0.07330359,0.2857113,0.32669315,-0.39006796,-0.14038464,0.23369099,-0.032675717,0.14458941,0.031100376,0.21739605,0.0117063625,0.1583399,0.34285593,-0.22163002,-0.2581334,0.023592932,0.1937772,0.10828788,0.11747349,-0.14964059,0.083259344,0.49980068,-0.32029605,-0.13664995,0.36839858,-0.13093725,0.076088406,-0.08881689,-0.1440139,0.37336472,0.2173846,0.03226717,-0.35798115,0.06946569,0.13533233
-0.20122351,-0.14062068,-0.28494364,0.02128329,-0.15071821,-0.32941616,0.15249823,-0.037621055,-0.1617597,0.0069654365,0.22059537,0.06779342,0.14668368,-0.10724435,0.054456435,0.16464582,0.19658042,0.21985695,-0.34443888,-0.1712659,0.34184858,0.013121314,0.14542581,0.023064198,0.18426101,0.031750172,0.15601422,0.34826273,-0.24602804,-0.15168194,0.077551186,0.16381983,0.098794304,0.13380602,-0.046592146,0.07229057,0.42496902,-0.28994107,-0.06136672,0.4430716,-0.1570232,0.14709617,-0.12189522,-0.1269271,0.3836265,0.267033,0.04283688,-0.4055303,0.12001218,0.07635314
-0.22549346,-0.08607763,-0.02568231,0.11248855,-0.011909486,-0.21785536,0.08584941,-0.09576093,-0.39805436,0.0027704416,0.089357354,-0.07410149,-0.083982326,-0.028388359,-0.03269766,0.14567693,0.44332257,0.28280848,-0.37468717,-0.027998071,0.019227572,-0.028338475,0.35885406,-0.062141426,0.06916887,0.10750814,0.12875757,0.18500765,-0.113793746,-0.23013073,0.13515641,0.12220419,0.005321616,-0.07574272,-0.11000059,0.09528824,0.26565522,-0.37027612,-0.045961764,0.4121011,0.237412,-0.05862158,-0.09174442,-0.16929586,0.265333,0.19233502,-0.065488175,-0.1648488,0.14943126,0.09109387
-0.24054141,0.08440422,-0.00020565759,-0.032562595,-0.0017128971,-0.11121991,0.17802654,0.10912221,-0.2475422,-0.09405484,0.22394234,0.026539782,0.107599914,-0.029197749,0.108929805,0.039237343,0.3879136,0.35240358,-0.3875858,-0.17503853,0.19867268,0.004868058,0.3526711,0.0036031154,0.03733799,0.13909854,0.13918032,0.32007763,-0.24930844,-0.12382168,-0.0048917346,0.033970095,0.04090294,-0.052612286,-0.17815284,0.011226192,0.3011156,-0.26147306,-0.20404078,0.21722677,0.053753365,0.0623735,-0.042363446,-0.12222298,0.46911207,0.2126847,-0.09950009,-0.23829234,0.12567307,0.06847404
-0.37442943,0.045419537,-0.2596861,-0.14200212,-0.10023034,-0.37541968,0.092676476,0.08264519,-0.2549985,0.0049383338,0.12979706,0.02264903,-0.06661225,-0.119785324,-0.04744862,-0.026960995,0.29981107,0.32139453,-0.4168195,-0.1734743,0.21181649,-0.087276116,0.24512705,0.037393544,0.06623276,-0.011779886,0.23134059,0.20278135,-0.30708465,-0.16433097,0.09584845,0.12936169,0.055062976,0.037357137,-0.068062395,0.2889016,0.5055149,-0.24188793,0.15127878,0.44263268,-0.019384058,-0.013164217,-0.13700382,-0.09761308,0.37811,0.22614683,-0.017580602,-0.21958397,0.20745389,0.0761636
-0.2466723,-0.057984766,-0.2867666,-0.013888616,-0.115404144,-0.38499737,0.16059569,0.053894117,-0.12034388,-0.039201107,0.2735552,0.071505696,0.13686492,-0.120675154,0.09382895,0.09276925,0.21748865,0.21912844,-0.40102798,-0.22338884,0.34482372,-0.05214089,0.143226,0.042041343,0.16380988,0.0026874172,0.16817448,0.31633487,-0.26321614,-0.11607127,0.056171063,0.1906303,0.054972813,0.18993133,-0.10282463,0.22309062,0.52044433,-0.29233894,-0.05523959,0.4590045,-0.1723926,0.16000666,-0.062899046,-0.124852195,0.40501058,0.32192472,0.020666432,-0.44937602,0.072555356,0.08965386
-0.26866826,0.046255168,-0.27897435,-0.08527034,0.015716668,-0.25109264,0.1843525,0.23365332,-0.009087819,-0.012968995,0.25127408,0.12113102,0.07970476,-0.036858693,0.17416129,0.06744028,0.2367781,0.25879082,-0.2932977,-0.20581385,0.3606983,-0.12518118,0.18602253,0.08536903,0.12568964,-0.029121434,0.12091087,0.34024262,-0.27406034,-0.14687382,0.0012657704,0.2717737,0.08061689,0.21638343,-0.09280827,0.19254981,0.52876544,-0.3527601,-0.19283426,0.3470764,-0.19126149,0.07834248,0.0031122086,-0.14501777,0.38069835,0.28587666,0.019660236,-0.4328062,0.0042511798,0.06288531
-0.25241527,-0.024979454,-0.023598656,0.101371,0.033713914,-0.17317082,0.13017169,-0.00697506,-0.3288078,-0.0023306387,0.16556023,0.013886373,-0.008862804,-0.0048221066,0.020917123,0.08221623,0.46948293,0.35673496,-0.3764685,-0.120026566,0.16834715,-0.06925502,0.3625852,-0.042423394,0.069174536,0.15283397,0.1109016,0.31400618,-0.22483996,-0.24782795,0.07180204,0.17830366,0.086624846,-0.03222801,-0.11072722,0.06859181,0.27776793,-0.348899,-0.09655382,0.42216334,0.12834424,0.0119766705,-0.103292376,-0.12509216,0.36940396,0.20683834,-0.09141734,-0.22090778,0.18988837,0.05600247
-0.15554084,0.0037824875,-0.10160121,-0.059785098,-0.047430914,-0.1447328,0.169984,0.07948461,-0.25920686,0.021199314,0.12403593,0.038852833,0.09666435,-0.08902553,0.05262653,0.09205005,0.45721787,0.4246747,-0.39922544,-0.14819057,0.2378587,0.00952469,0.29687238,-0.0933368,0.04987569,0.08814476,0.10684066,0.34537393,-0.27705124,-0.15943626,-0.043827113,0.124529965,0.110919274,-0.08955537,-0.16240416,0.004641113,0.29122764,-0.26626566,-0.016810028,0.2730198,0.03928216,0.03935122,-0.07600208,-0.16255176,0.5654944,0.2594232,-0.03632029,-0.2955005,0.17366868,0.03133378
-0.4474375,0.026047884,-0.28220585,-0.14802183,-0.114890255,-0.37809154,0.10855412,0.05457286,-0.2214608,0.0845084,0.122915305,0.078722194,-0.043224465,-0.2845333,0.032185998,-0.04748545,0.21949191,0.2590001,-0.47522363,-0.14394318,0.18221392,-0.06315152,0.19744661,0.017254388,0.046673078,-0.08241287,0.2753714,0.17295352,-0.2565019,-0.20960523,0.045119695,0.14714523,0.06498646,0.070556246,-0.11801743,0.32915595,0.63092846,-0.23630555,0.061214097,0.51705235,-0.061410382,0.056020074,-0.16411605,-0.07950352,0.45977733,0.25091258,-0.061089147,-0.26763353,0.14254223,0.12972523
-0.05199742,-0.11652592,-0.13265991,0.15165721,-0.040947866,-0.3472999,0.049435064,-0.10232355,-0.21304144,-0.06698681,0.2669478,-0.018964881,0.18656203,0.075826235,-0.002698419,0.13590494,0.41187203,0.25980917,-0.37362674,-0.14847665,0.25540224,-0.055383887,0.121567145,-0.040569663,0.17549603,0.1371542,0.12337931,0.38141963,-0.22807065,-0.16810434,0.0466857,0.18060696,-0.0012724233,0.15674259,-0.11707997,0.07707627,0.26656175,-0.3777048,-0.10687071,0.42018732,-0.061892986,0.14179319,0.03377789,-0.113273256,0.26765656,0.24220882,0.017986843,-0.34679458,0.12987022,0.08580167
-0.21384677,-0.10564518,-0.27403837,-0.0025827554,-0.14647129,-0.36132774,0.09845339,0.016773896,-0.22954145,-0.032385748,0.17984746,0.022062905,0.10171678,-0.056207906,0.010429667,0.098308675,0.19921659,0.24631518,-0.37626627,-0.19141929,0.2658628,0.034564193,0.14271462,0.01773507,0.19712132,-0.011440355,0.2109449,0.32580194,-0.2856408,-0.1522919,0.04189841,0.10633108,0.065118946,0.11988954,-0.09983205,0.10445064,0.4759567,-0.32917032,-0.1104655,0.34739754,-0.15612514,0.10323797,-0.11859051,-0.092066586,0.3314038,0.20934272,0.022445535,-0.3247743,0.11794158,0.15157948
-0.1936897,-0.043914355,0.01535867,0.12615138,0.0008640318,-0.17881717,0.08774853,-0.030764088,-0.37255326,-0.062254578,0.16619156,-0.046216667,0.013249472,0.03395611,-0.015764179,0.037264872,0.4625452,0.3013843,-0.4005025,-0.10945092,0.042326093,-0.0740798,0.3269806,-0.019376356,0.06388306,0.12440452,0.12368583,0.2517333,-0.18315698,-0.20224148,0.079305194,0.090437494,-0.005738471,-0.04981362,-0.14809875,0.07606811,0.24548724,-0.33901286,-0.1285192,0.32884473,0.15953162,-0.0043960386,-0.06283225,-0.1065816,0.2727352,0.17320612,-0.085525446,-0.1531704,0.14121136,0.08618097
-0.14863479,-0.0556976,-0.17049256,-0.043403253,-0.01557532,-0.11085821,0.11434854,0.062720835,-0.3102918,0.16618304,-0.051139973,0.033759322,-0.03552379,-0.061057184,-0.004531828,0.09528887,0.4229131,0.47786257,-0.31147936,-0.120897055,0.19315806,-0.043893367,0.27928844,-0.12395856,0.097928815,0.03088276,0.053987365,0.3603443,-0.28518406,-0.24095072,0.001241352,0.21594055,0.22871907,-0.16268143,-0.07245399,-0.061105978,0.26782295,-0.23506719,0.11560863,0.31204733,0.058476146,-0.053982645,-0.22404847,-0.14640741,0.4788184,0.17360389,0.037309967,-0.24139081,0.22398719,0.005206923
-0.3710981,0.030092927,-0.2651661,-0.14586467,-0.15056662,-0.37008968,0.07251897,0.104341164,-0.28101575,-0.029129641,0.15365212,0.02118394,0.015153462,-0.15992916,-0.005328552,-0.14649794,0.24955112,0.24175513,-0.51446104,-0.19478506,0.063243985,-0.123419516,0.18169604,0.11489946,0.06391288,-0.116519436,0.29389346,0.18369272,-0.28926563,-0.15490194,0.04227459,0.055414695,-0.038859602,0.055074807,-0.16698408,0.30796948,0.6210735,-0.26579592,-0.033729415,0.34826672,-0.08017077,0.030239725,-0.11181818,-0.05435519,0.35278034,0.1892615,-0.025673429,-0.20007837,0.087562315,0.15825096
-0.21762478,-0.03071956,-0.23611315,0.017749302,-0.06451771,-0.33114251,0.13479593,0.08112351,-0.14767899,-0.055865895,0.21318507,0.038233522,0.086336315,-0.059244636,0.052490808,0.074621625,0.24801306,0.21557492,-0.36188662,-0.22346346,0.30551583,-0.08561296,0.16202609,0.006926802,0.1136727,0.02294331,0.13905102,0.2976558,-0.27725124,-0.054311298,0.07823723,0.15546064,0.03129156,0.11933175,-0.05535883,0.22355218,0.40712017,-0.24442852,0.046761982,0.44341937,-0.091412835,0.114492506,-0.07349079,-0.085955866,0.3328492,0.28051248,0.040089753,-0.3675849,0.12429794,0.045240745
-0.27775478,-0.06634793,-0.22946373,0.0024854932,-0.013117407,-0.35437304,0.023621965,-0.011663079,-0.232708,0.076267734,0.12008205,-0.012197673,0.019990852,-0.08404622,0.070726134,0.106798306,0.27179858,0.33628377,-0.39574268,-0.10261476,0.19845356,-0.008576728,0.15449844,-0.06250015,0.19812426,-0.009730269,0.20220408,0.33785108,-0.21485484,-0.26234153,0.045202825,0.17138903,0.09494274,0.09885475,-0.13314916,0.10187477,0.5212656,-0.3345096,-0.14403217,0.45919853,-0.05630887,0.036020886,-0.12820412,-0.09747418,0.33908474,0.20742382,0.028996542,-0.32980615,0.100887455,0.16575329
-0.1954895,-0.045603268,-0.05935888,0.077338286,0.022824103,-0.18279676,0.08769319,0.023154829,-0.34777486,0.025744578,0.07404709,-0.0391806,-0.05122461,-0.006165191,-0.012249478,0.058108162,0.42243975,0.37521487,-0.36339587,-0.13674723,0.093750864,-0.06317823,0.29082844,-0.11705563,0.0856347,0.06907639,0.091500126,0.22081062,-0.21005349,-0.18526696,0.079790704,0.14965089,0.0654179,-0.058574367,-0.13907003,0.11850129,0.2557776,-0.27409738,0.018740311,0.34121826,0.15250222,-0.049856897,-0.11917909,-0.10068936,0.32133886,0.23001714,-0.06494362,-0.20705086,0.16085003,0.052946784
-0.22945036,0.011967592,-0.07270813,-0.0065855756,-0.008546922,-0.116112284,0.20228407,0.093688,-0.25688568,0.038477078,0.10325338,0.06598142,-0.016869402,-0.05390392,0.04860022,0.12507159,0.35799325,0.39088923,-0.28994486,-0.15888406,0.27299845,0.03679681,0.3555375,-0.08226038,0.07354413,0.110177785,0.07025958,0.29171747,-0.2546361,-0.19247454,0.009629985,0.16967241,0.1864322,-0.06809784,-0.0941514,0.010478834,0.281282,-0.2657604,-0.030798187,0.286019,0.05089657,0.01648978,-0.15580493,-0.16410594,0.473415,0.2211817,-0.09456411,-0.25303182,0.1883231,0.04592965
-0.35911328,-0.015635207,-0.30735967,-0.102570094,-0.11951271,-0.40747675,0.124412276,0.09511301,-0.28404072,0.020711087,0.09490179,0.017162915,-0.09538273,-0.160064,-0.029414276,0.040442754,0.29756543,0.25164157,-0.44566962,-0.15393558,0.15786065,-0.07633404,0.2480564,0.009622589,0.069774784,-0.09200333,0.24236494,0.1512227,-0.26835042,-0.15251984,0.086259365,0.16807662,0.00019812958,0.06510616,-0.09808068,0.36171988,0.5892993,-0.3533563,0.105455786,0.46605715,0.001113497,-0.016344693,-0.11454907,-0.15277167,0.36380574,0.27115083,-0.012803768,-0.27237785,0.13453273,0.13123433
-0.2185119,-0.009162288,-0.23116553,-0.049710095,-0.042729106,-0.36349574,0.07539036,0.018202277,-0.11290379,0.009330133,0.21318628,0.034387916,0.06919211,-0.06836139,0.048364405,0.07568978,0.27886125,0.27823716,-0.34714985,-0.14126949,0.28822836,-0.05230993,0.1281742,-0.0076244036,0.14264171,0.03686034,0.16259119,0.2776971,-0.22378534,-0.18439442,0.039258853,0.21582969,0.06394091,0.1734869,-0.11411085,0.1955939,0.42786044,-0.30118504,-0.02932677,0.41845772,-0.10940659,0.08517521,-0.003484235,-0.11885681,0.35582057,0.26933908,-0.0086533865,-0.35962594,0.09655326,0.07998234
-0.21854316,-0.11842654,-0.19258744,0.11891018,-0.07394056,-0.24342905,0.17209616,0.0053760526,-0.14488924,-0.0021455341,0.20927408,0.09266438,0.14218645,-0.09905925,0.106226526,0.16359258,0.15106858,0.1942073,-0.30425358,-0.20255707,0.3722912,0.0308986,0.15989497,-0.030014265,0.16161361,0.06181005,0.1100139,0.37749398,-0.2533862,-0.11022685,0.047284096,0.13583824,0.13661619,0.10192781,-0.019636985,0.04209375,0.38174233,-0.21839242,-0.10287156,0.45512787,-0.13813208,0.18710916,-0.189829,-0.068063095,0.36403513,0.23326012,0.025769193,-0.38086355,0.13861772,0.07893298
-0.1912514,-0.07005035,-0.031597443,0.09356034,-0.018862844,-0.21437849,0.08707526,-0.084238425,-0.37936813,-0.005411446,0.11556146,-0.04763538,-0.008729726,-0.028200325,-0.03896377,0.111349404,0.4571774,0.32594544,-0.3956922,-0.08490822,0.092361495,-0.0042341524,0.31321064,-0.10844685,0.062698536,0.13302305,0.14830644,0.22533019,-0.18711205,-0.20031072,0.087118216,0.113235496,0.014539933,-0.05102336,-0.14243932,0.0914205,0.21790917,-0.34443,-0.024876924,0.38458067,0.1785741,-0.0046645286,-0.06417699,-0.11951073,0.34142715,0.22424679,-0.10025233,-0.19162676,0.19267325,0.07136949
-0.2788552,0.021690343,-0.070354305,0.019186558,0.06670481,-0.07606487,0.14632119,0.13038015,-0.298825,0.082152314,0.081331834,0.04521888,-0.010040398,-0.036419008,0.13489409,0.011793449,0.3549161,0.4237736,-0.35783958,-0.18194245,0.12971005,-0.089812815,0.33402422,-0.037154503,0.10923294,0.032894913,0.08207939,0.34085208,-0.24149954,-0.24600925,0.024762366,0.17612332,0.16115272,-0.07909094,-0.1575111,-0.0083340695,0.3897146,-0.2606921,-0.18903664,0.29122028,0.05628983,-0.010038677,-0.20374554,-0.108967654,0.4173535,0.18061063,-0.05865874,-0.25918984,0.096662804,0.08320196
-0.37669876,0.008574095,-0.22721355,-0.035325255,-0.08727154,-0.41672707,0.04194655,0.04409198,-0.25827298,-0.049949914,0.13505252,-0.0064008175,-0.032029234,-0.15702303,-0.008519607,-0.015239964,0.24114177,0.12960409,-0.46928427,-0.11098604,0.09347157,-0.080401115,0.18389946,0.06639008,0.043812048,-0.06836893,0.2939989,0.20802018,-0.23704696,-0.12408764,0.054780483,0.046831585,-0.06822192,0.0740961,-0.074921615,0.3240894,0.6032794,-0.3117431,-0.020379843,0.49909064,-0.022717828,0.057490636,-0.10075511,-0.06278497,0.2548921,0.15155065,0.029827978,-0.18563259,0.1258837,0.18665192
-0.22199698,-0.05219404,-0.25398836,-0.050383575,-0.13792166,-0.3574428,0.109827496,0.028157212,-0.1999142,-0.00845428,0.20468964,0.031866044,0.08859394,-0.09468009,0.0016575931,0.023090152,0.32651222,0.30869406,-0.42311835,-0.17918564,0.26057425,-0.102561034,0.1780407,0.055614732,0.13321924,0.013769969,0.14347938,0.32763863,-0.2721499,-0.17113434,0.06372445,0.16361265,0.0915923,0.05092862,-0.07746749,0.15924716,0.4545561,-0.23200874,0.08294743,0.43671757,-0.09535044,0.07403521,-0.11833635,-0.12657917,0.40731063,0.24705797,0.062458143,-0.33071855,0.1446718,0.04726875
-0.31030276,-0.031510953,-0.37262136,-0.17783909,-0.10509992,-0.32132688,0.098612696,0.11348575,-0.16981757,0.1182984,0.06516558,0.08511445,-0.007148777,-0.15642624,0.049009204,0.0507797,0.22590187,0.3365805,-0.36463803,-0.13085079,0.26782554,-0.0371148,0.17187543,0.039696965,0.15308867,-0.09842174,0.22028449,0.33965403,-0.3051571,-0.26322445,-0.00881942,0.22893111,0.16300708,0.07239369,-0.08702457,0.119833946,0.59822536,-0.343794,-0.050145596,0.38312367,-0.17213751,0.016818484,-0.15336211,-0.12938705,0.45475084,0.1866662,0.053751,-0.33042535,0.11516464,0.119808115
-0.26138717,-0.015347021,0.0107920915,0.12384614,0.07773091,-0.15646988,0.11054305,0.018902013,-0.3779643,-0.017886959,0.13935137,-0.030989107,-0.03637588,0.023796478,0.053857904,0.088151634,0.50137,0.36572662,-0.4060588,-0.1028062,0.08032901,-0.080629244,0.39774552,-0.051292032,0.075016886,0.12950185,0.12126519,0.31084096,-0.1992244,-0.24999502,0.07148115,0.15324973,0.037713658,-0.061962705,-0.1549853,0.06509115,0.31778997,-0.3980039,-0.19257788,0.39488736,0.19186684,-0.029191721,-0.09480521,-0.1365534,0.33390412,0.18914348,-0.07911626,-0.20761922,0.14305705,0.099405326
-0.21548939,0.012107885,-0.09812144,-0.008594907,-0.0030376564,-0.102783345,0.19429585,0.13775009,-0.29071382,0.022886978,0.11319183,0.05485144,0.032517556,-0.03327271,0.07237674,0.055560507,0.4277177,0.40771225,-0.36977246,-0.19231817,0.20748611,-0.06929724,0.35421273,-0.034419622,0.061810818,0.06775346,0.08146421,0.35144314,-0.2911082,-0.17482637,0.010413838,0.16215546,0.12989187,-0.09379964,-0.12329195,0.016764894,0.3234293,-0.28471696,-0.06191131,0.2899027,0.052071426,0.01152727,-0.14448296,-0.14867507,0.48019087,0.22332393,-0.039719947,-0.27287138,0.15721345,0.03273838
-0.36828783,0.063259445,-0.23016612,-0.1538501,-0.07633676,-0.36645415,0.040474575,0.07032005,-0.26794636,-0.0013914171,0.16032067,0.017690405,-0.0072664376,-0.08384636,-0.008033338,-0.09191625,0.3050434,0.34214574,-0.4563004,-0.16706961,0.13837647,-0.08074606,0.20812346,0.070068404,0.105475,-0.024705997,0.28897157,0.23881833,-0.30328205,-0.2414801,0.03326925,0.118316576,0.022463633,0.0896462,-0.17436405,0.23565952,0.5619766,-0.32523835,-0.0897484,0.3467245,-0.07431145,0.0076166685,-0.07653456,-0.07039938,0.36566854,0.17642096,-0.06555291,-0.2046422,0.13613854,0.15812625
-0.1588145,-0.017559243,-0.24543674,-0.07033735,-0.03303026,-0.3340599,0.068394616,0.059124872,-0.07073101,0.0032853992,0.26876232,0.027132098,0.16219932,-0.026771575,0.12916113,0.029782012,0.30039,0.33230788,-0.37428758,-0.16645612,0.24576999,-0.12476492,0.08347863,0.053970594,0.20720689,-0.005170079,0.12015736,0.3327691,-0.20193179,-0.21048968,0.014745896,0.23739788,0.052382477,0.20631424,-0.19351317,0.13664778,0.48707882,-0.2968361,-0.17699422,0.3203567,-0.16902463,0.07829921,0.035021003,-0.14351833,0.3651855,0.29187155,0.045211423,-0.43846202,-0.02449812,0.0823736
-0.17889474,-0.06642141,-0.1505451,0.04848505,-0.04337844,-0.27651688,0.058552634,-0.016529314,-0.17045139,-0.015041275,0.17551693,0.017452504,0.0895069,-0.02087604,0.033337582,0.12280913,0.3089857,0.23973434,-0.3246398,-0.06783206,0.23693372,-0.01785821,0.17265616,0.026769439,0.1348329,0.06696148,0.137662,0.39064866,-0.20794955,-0.21173097,0.0021871896,0.1264505,0.08465103,0.05639188,-0.043706007,0.0063009816,0.3875906,-0.3146432,-0.1413289,0.39776418,-0.07335745,0.08069968,-0.0834452,-0.11763869,0.29452708,0.12249325,0.077366486,-0.25241783,0.12900421,0.11302096
-0.215819,-0.0677614,-0.03307951,0.09334142,0.010378338,-0.13122782,0.094746046,-0.034620922,-0.41499048,0.04585454,0.052685134,-0.028846717,-0.042157482,-0.037421178,-0.0012511183,0.04966913,0.4659627,0.32278964,-0.41035876,-0.08227848,-0.009801388,-0.08337542,0.34323093,-0.07257431,0.038301416,0.0674611,0.14126667,0.2279458,-0.1820676,-0.2356272,0.07850985,0.1410385,0.012638611,-0.106374376,-0.15814103,0.07150394,0.2586663,-0.3689015,-0.09405773,0.36012387,0.2045589,-0.03951153,-0.10640687,-0.1108184,0.33045655,0.1790778,-0.09354464,-0.16205001,0.14496726,0.07655733
-0.21711831,0.007391334,-0.08578007,-0.02327836,-0.025274351,-0.09826215,0.19907524,0.16918246,-0.27368534,0.017828625,0.13745742,0.06599828,0.08448151,-0.05872554,0.09710958,0.022562131,0.43469408,0.45460567,-0.38793126,-0.21614577,0.24131142,-0.0703893,0.34271178,-0.035693556,0.096387684,0.06837884,0.063250475,0.38967094,-0.31104946,-0.17242308,-0.038627636,0.13564897,0.15607782,-0.11397079,-0.15759723,0.0023604515,0.3561208,-0.21429281,-0.064027674,0.2788251,0.015287046,0.0243625,-0.19644488,-0.14174771,0.5508319,0.23349662,-0.0016291916,-0.30945376,0.14046249,0.017380543
-0.3794238,0.06944445,-0.3266452,-0.20907047,-0.050709452,-0.25209758,0.16540271,0.26291737,-0.14091262,0.06964201,0.09865593,0.12353949,-0.01542694,-0.20984562,0.14113712,-0.07454753,0.24229017,0.31689313,-0.40830952,-0.20714779,0.21071497,-0.17197305,0.21446332,0.08781887,0.067584604,-0.14231364,0.16637059,0.2907687,-0.29578644,-0.17415042,-0.014950735,0.20462039,0.12605397,0.026739497,-0.11155138,0.22528262,0.661713,-0.2159729,-0.018177452,0.38970873,-0.12599482,0.009221616,-0.16778734,-0.10334655,0.48423973,0.2352766,0.07099028,-0.34461024,0.05240918,0.06411457
-0.16768323,-0.087113805,-0.26748005,-0.031875137,-0.09168436,-0.3207398,0.1071477,0.02041258,-0.12556697,0.0428882,0.24244292,0.09629485,0.14696996,-0.039903194,0.038368937,0.0699912,0.34232107,0.39106467,-0.33825743,-0.19175513,0.3855244,-0.09215441,0.1252793,0.051514134,0.2120703,0.06814354,0.07570629,0.47189063,-0.30403134,-0.2572325,-8.7738365e-05,0.2568594,0.20917301,0.12812953,-0.06081895,0.012792056,0.4265056,-0.25712752,-0.01751778,0.421801,-0.20061354,0.11222337,-0.13222407,-0.1282429,0.4369252,0.23078074,0.09706097,-0.405455,0.16238134,0.037162933
-0.16060688,-0.053989768,-0.28750196,-0.13784689,-0.14012247,-0.33044463,0.109237425,0.11954897,-0.11781986,0.0005576464,0.13867368,0.042606097,0.061883744,-0.10543561,0.03801606,0.110816635,0.25975075,0.33867124,-0.31458205,-0.120613925,0.2834645,0.028094988,0.1556347,0.034825377,0.19868581,-0.05291472,0.097220086,0.32889473,-0.22377281,-0.18958573,-0.07335649,0.16404836,0.15170091,0.051820874,-0.11710925,0.06395713,0.541606,-0.26619306,-0.03523511,0.2531254,-0.16493669,0.006902441,-0.103056766,-0.21948482,0.438007,0.19906764,0.12398957,-0.34938312,0.047358524,0.109895505
-0.20885094,0.011950275,-0.012312557,0.06556638,0.03552452,-0.12789297,0.11685753,0.070847034,-0.33339974,-0.025493318,0.091630585,-0.024186952,-0.027847128,0.01821171,0.01765365,0.013857342,0.38475868,0.32145444,-0.34907842,-0.17299144,0.08322935,-0.0757493,0.30828434,-0.09707581,0.032006133,0.06629029,0.11663497,0.21186176,-0.23376834,-0.12294425,0.06370061,0.08052806,0.012613104,-0.071239494,-0.14445007,0.117761016,0.23081054,-0.26533884,-0.041298777,0.27600947,0.15341277,-0.02742405,-0.11257294,-0.07095319,0.28945827,0.18570507,-0.09030156,-0.16421811,0.16097112,0.06618466
-0.33780587,0.051621348,-0.29194015,-0.21181005,-0.20789078,-0.3300336,0.14250731,0.1314283,-0.21132092,-0.086147435,0.15555045,0.05475441,0.050384983,-0.21911877,-0.020780606,-0.063677244,0.18740374,0.20084603,-0.43863583,-0.23236874,0.21976168,-0.014729621,0.19333442,0.064872496,-0.001238148,-0.059862178,0.29508677,0.18518461,-0.34523934,-0.007440932,0.03329918,-0.0005557402,-0.024817685,0.00083032297,-0.10385944,0.28152978,0.47844228,-0.18674627,0.1442535,0.3287945,-0.093510166,0.08423364,-0.08782178,-0.04181175,0.47108656,0.23566471,-0.021558827,-0.23517041,0.17229252,0.064921565
-0.14699571,-0.06855857,-0.34759387,-0.15080707,-0.20222431,-0.36246005,0.09900322,0.073654,-0.14939213,-0.015429085,0.15575439,0.09799283,0.11978352,-0.07495646,-0.06528327,0.047759235,0.22499818,0.27340057,-0.3206513,-0.18951994,0.34958106,0.016495625,0.10753429,0.06983973,0.15443996,-0.0064813755,0.20675233,0.36162773,-0.36397442,-0.16299218,-0.055302445,0.15590583,0.12190939,0.10539985,-0.04238443,0.0996001,0.4491568,-0.31394857,0.046149872,0.2802498,-0.2683375,0.0953878,-0.073783636,-0.11611405,0.4198652,0.17292286,0.06512897,-0.29202583,0.17814939,0.08473419
-0.15103851,-0.07001496,-0.2692634,-0.06003109,-0.1316391,-0.23094133,0.18060297,0.06283341,-0.16127641,0.0077422806,0.16425611,0.11804779,0.093554296,-0.058704663,0.030943837,0.1300791,0.27972174,0.26169613,-0.28888264,-0.170108,0.33263883,-0.015642138,0.21283291,0.057883304,0.13137853,0.025066147,0.15260392,0.3356154,-0.2963272,-0.1478484,0.010685396,0.21908283,0.1093463,0.08990316,-0.06729032,0.054838423,0.37054542,-0.37147507,-0.058694836,0.3150745,-0.14224358,0.102498144,-0.069277816,-0.16633317,0.42834005,0.22953588,0.006569649,-0.36563933,0.14058255,0.035704147
-0.22828496,0.041011862,0.03244691,0.06261205,0.0524855,-0.1917701,0.07582476,-0.0048274477,-0.28101617,-0.05213869,0.16703612,-0.027157322,0.07001448,-0.050571788,0.046870705,0.055109527,0.43178773,0.32100853,-0.40514395,-0.12797925,0.16352132,-0.017652895,0.2762001,-0.111729555,0.004479551,0.16180752,0.17762375,0.29021823,-0.2300155,-0.13347194,0.01385937,0.026224526,-0.020541389,-0.041113593,-0.15598471,0.09386936,0.23079738,-0.23872997,-0.069964066,0.3884502,0.1379654,0.061842468,-0.04738081,-0.057993054,0.38862255,0.21757588,-0.084327586,-0.18412544,0.20789008,0.056260556
-0.40987918,0.09281789,-0.35300037,-0.23221599,-0.08400412,-0.37222382,0.08930714,0.25522786,-0.21381228,-0.0038325998,0.088220775,0.056271747,-0.07149026,-0.1210786,0.03254438,-0.04903138,0.2181271,0.35779047,-0.413321,-0.22541514,0.2566202,-0.071201265,0.24593855,0.08080733,0.12104465,-0.10279985,0.28094727,0.32166478,-0.39669544,-0.1531302,0.0064022834,0.12974854,0.11209432,0.03897757,-0.08876352,0.2595567,0.6726392,-0.29412764,0.011744148,0.34919035,-0.144958,-0.018239766,-0.16255224,-0.08658122,0.43907872,0.17784113,0.05217585,-0.2626655,0.16040093,0.1453744
-0.2671439,-0.038812242,-0.2805234,-0.12037788,-0.14387947,-0.39177623,0.04324574,0.030199353,-0.19136383,0.0040581655,0.17040753,0.022627225,0.08407588,-0.12217736,0.009019708,0.029707577,0.26603022,0.3778132,-0.41017076,-0.13472892,0.29699868,-0.0030529462,0.14968628,0.079597406,0.20572735,0.0006985751,0.18184614,0.40839592,-0.30385554,-0.21452409,0.0037661667,0.093956605,0.16897923,0.021326235,-0.072935686,0.035547584,0.54555917,-0.1894918,0.014922381,0.39143735,-0.16672453,0.060496558,-0.1920989,-0.10910486,0.4264296,0.15234903,0.14391518,-0.28608346,0.18723427,0.108187996
-0.18552378,-0.046669763,-0.30608058,-0.07723824,-0.12599851,-0.33666158,0.16509059,0.047533564,-0.12379464,-0.015843423,0.19384104,0.12871334,0.08345995,-0.047108043,-0.024440464,0.15546817,0.34028003,0.29840472,-0.29152006,-0.15530823,0.48889625,0.01251281,0.21068437,0.040807217,0.1306777,0.09571246,0.15356162,0.4622724,-0.37305334,-0.19123244,-0.020340279,0.2258315,0.17340462,0.08342672,0.025885725,0.04971365,0.38705286,-0.3525794,0.07488168,0.4394487,-0.1944574,0.1252932,-0.08779409,-0.16628937,0.47408772,0.1858693,0.08177553,-0.34765482,0.26710358,0.03019597
-0.22474763,-0.010778633,-0.020099608,0.041798223,-0.001505166,-0.12537234,0.11842311,-0.015225498,-0.3274602,0.020150898,0.14086166,0.005871386,0.023612581,-0.016580435,0.049950343,0.059459172,0.3777997,0.3678688,-0.35816577,-0.16673313,0.16625282,-0.008581372,0.31029534,-0.106234275,0.073524244,0.12670453,0.11584307,0.25085503,-0.235469,-0.16949832,0.064358994,0.100832455,0.0625968,-0.051712617,-0.16184251,0.033617325,0.2080521,-0.24599558,-0.07688534,0.31086475,0.12307553,0.016635586,-0.10683071,-0.07085152,0.3993324,0.22607931,-0.14151232,-0.22124667,0.1875038,0.035873283
-0.1455429,-0.023858178,-0.116668954,-0.06130877,-0.04908811,-0.04932224,0.16647327,0.14683951,-0.24394259,0.05090783,0.05133937,0.060688958,0.052506115,-0.024250207,0.06406109,0.04598379,0.35753313,0.40312588,-0.27854934,-0.1577798,0.18847485,-0.048460882,0.29985264,0.005146857,0.11538684,0.0335921,0.044088665,0.35467702,-0.27070555,-0.18585424,-0.046798706,0.14163852,0.17077044,-0.13036506,-0.117799275,-0.08440142,0.2995984,-0.22475274,-0.08007842,0.15970528,-0.012873262,-0.019607075,-0.1907081,-0.15705715,0.4603867,0.1426589,0.04025282,-0.2484461,0.109129876,0.016145874
-0.36543888,0.0707752,-0.28057566,-0.18359174,-0.0877677,-0.35041437,0.14596291,0.17530484,-0.23865639,0.0020298045,0.15204878,0.080701,-0.039036304,-0.13897836,0.018624982,-0.059652835,0.31406283,0.32410786,-0.43721285,-0.21571873,0.20600285,-0.08247206,0.24368176,0.031665366,0.061091784,-0.0642189,0.24652603,0.19378029,-0.31351453,-0.19179294,0.012398344,0.1864421,0.052069746,0.09732916,-0.1680621,0.31023332,0.57500094,-0.34492567,-0.0065186596,0.36545822,-0.079132855,0.011434451,-0.059614558,-0.10760927,0.4474486,0.27382383,-0.08764619,-0.28327644,0.11737336,0.11357977
-0.18858816,-0.10982979,-0.2537446,0.02813249,-0.08250615,-0.28423584,0.20527917,0.07075079,-0.06585196,0.017532656,0.27213708,0.09645623,0.12067224,-0.11191311,0.14696354,0.13415253,0.19524859,0.24447308,-0.30106273,-0.22031191,0.3330279,-0.08063674,0.1275846,0.021333244,0.19292092,-0.0071375375,0.021337347,0.276396,-0.17466003,-0.12554905,0.069899105,0.24954115,0.117683716,0.19284531,-0.092268206,0.15525061,0.4520361,-0.21550922,-0.055003613,0.40248418,-0.14069037,0.122730754,-0.10317233,-0.16466358,0.37664336,0.36568502,0.04321968,-0.50035036,0.002642468,0.038046375
-0.24647127,-0.15316105,-0.38228408,-0.07593796,-0.18480137,-0.27011043,0.18014851,0.06588062,-0.20251971,0.123631105,0.07179048,0.127068,0.057951167,-0.22944818,0.0728432,0.08022031,0.19399318,0.25792187,-0.36928162,-0.16588292,0.23601916,-0.06627845,0.18231098,0.06684745,0.16716711,-0.12388224,0.12785271,0.34441835,-0.25084898,-0.21292141,0.00894588,0.23339719,0.1713261,0.010148048,-0.062052812,0.07161205,0.58519304,-0.28033862,-0.0032673157,0.42613727,-0.16398266,0.06641366,-0.24973038,-0.17457522,0.47796145,0.21259384,0.11000916,-0.39553168,0.06403224,0.073808834
-0.16515039,-0.04109696,-0.01532841,0.083829656,0.029566707,-0.07142598,0.15323938,0.028150007,-0.2743485,0.04814438,0.114204176,0.038030006,0.037702713,-0.039538972,0.08018306,0.058160745,0.46720678,0.31556365,-0.35791337,-0.08806108,0.09256965,-0.12978609,0.31518552,-0.043306656,0.02500683,0.06722805,0.054958895,0.31109008,-0.1764772,-0.23082909,0.0032462846,0.17747119,0.06849716,-0.089240685,-0.13211243,0.011735438,0.2691557,-0.31498003,-0.1307559,0.3387787,0.12554221,0.0061590853,-0.10712418,-0.15324126,0.37463066,0.17290314,-0.026586337,-0.22517282,0.10873612,0.044801887
-0.17735235,0.039690427,-0.07425714,0.004245812,0.029192913,-0.13756172,0.13353953,0.14647709,-0.27605426,-0.028672118,0.105239004,0.0044505005,0.009441359,0.04278062,0.026332188,0.047605835,0.40554813,0.3859392,-0.32658026,-0.19293639,0.19430426,-0.053369,0.30650303,-0.05992899,0.06751819,0.08028897,0.086316906,0.31560233,-0.29088438,-0.12025562,0.016507812,0.11793039,0.086929396,-0.0623968,-0.11179459,0.051436145,0.26528013,-0.26524055,-0.025295366,0.2416729,0.05874596,-0.010347246,-0.09558009,-0.111394376,0.3706008,0.19642107,-0.03211853,-0.219431,0.16952278,0.043231837
-0.35652962,0.062155858,-0.24183762,-0.13707277,-0.060726676,-0.3748529,0.10254566,0.15394665,-0.18816936,-0.03162368,0.18728606,-0.013654129,-0.027386393,-0.14059867,0.075728215,-0.04506379,0.23502351,0.27216968,-0.44778055,-0.19322176,0.11076633,-0.10957452,0.18405552,0.02351345,0.089827895,-0.105438024,0.21030003,0.08686232,-0.20110299,-0.09651439,0.08855231,0.11040817,-0.05672522,0.12943196,-0.19800478,0.39413467,0.597769,-0.23208328,-0.008443086,0.34598255,-0.013173684,-0.018958608,-0.0371427,-0.11727,0.33582053,0.33056834,-0.03957901,-0.31489518,0.0039323624,0.12432266
-0.16957524,-0.010889382,-0.20785704,-0.088318594,-0.06967902,-0.3593919,-0.0026393386,-0.0019624173,-0.1141376,-0.021139175,0.16419399,-0.020458365,0.11357612,-0.06933626,0.04663393,0.0706607,0.21118104,0.2854084,-0.34274644,-0.10632336,0.24216506,0.039826598,0.061335955,-0.014926648,0.18278553,0.022380864,0.19045949,0.315327,-0.21571475,-0.15828381,-0.024314234,0.085057124,0.06280612,0.11415519,-0.14153863,0.08179762,0.43479815,-0.22751124,-0.094327405,0.29535308,-0.14180982,0.082364984,-0.027959615,-0.08008037,0.33949256,0.17356205,0.06408438,-0.30197388,0.08864715,0.13348842
-0.16104804,-0.15783656,-0.2603726,0.06882987,-0.1470715,-0.30511305,0.10841037,-0.01635122,-0.17361511,-0.0020990467,0.18935305,0.05367069,0.1674461,-0.09277145,0.043074936,0.099050425,0.21636207,0.19175796,-0.36916578,-0.15716276,0.26785076,-0.05077832,0.10579814,0.058499694,0.17239739,-0.010107152,0.12696758,0.40845057,-0.24712786,-0.14571166,0.034698714,0.12055084,0.09777229,0.06944177,-0.020986779,0.030688219,0.44541636,-0.23741412,-0.061212663,0.43638557,-0.16682716,0.14768931,-0.17163123,-0.09189932,0.32679394,0.1796389,0.13454656,-0.34296057,0.10989336,0.08786535
-0.18890339,-0.05432894,-0.006489419,0.15854448,0.014133784,-0.1877805,0.064739056,-0.041105803,-0.40086967,-0.06584594,0.11671086,-0.05801759,0.0024054467,0.028302446,-0.043379217,0.03597822,0.4454439,0.23250465,-0.4104,-0.118813984,0.016677452,-0.087607786,0.2993681,-0.056586977,0.020192612,0.10833717,0.16675745,0.23931342,-0.21275453,-0.13017131,0.098153,0.062730215,-0.06946089,-0.05469934,-0.11544075,0.1270286,0.20374556,-0.3509674,-0.062142987,0.38396758,0.18453448,0.014974893,-0.054640826,-0.049848776,0.22414558,0.16303703,-0.07619792,-0.12843543,0.18129694,0.07826531
-0.17468494,-0.08529714,-0.03643675,0.11320339,0.04003673,-0.13446788,0.103103586,0.006005361,-0.37202352,0.062504426,0.054687697,-0.033042546,-0.032340612,-0.02532995,0.04980662,0.06927741,0.44381464,0.3491729,-0.39932075,-0.10349038,0.0027778344,-0.10877604,0.31086,-0.11073832,0.06262502,0.025869455,0.08480475,0.23382063,-0.15330625,-0.1998986,0.08635565,0.15402512,0.022276698,-0.102441296,-0.14859016,0.07226156,0.293728,-0.31040376,-0.06824596,0.3795582,0.2075495,-0.052274417,-0.12750433,-0.1376484,0.32191813,0.2104685,-0.036227427,-0.22617787,0.10820595,0.08479116
-0.4475012,0.062712125,-0.33665726,-0.24802695,-0.1287465,-0.42693123,0.041506924,0.13177659,-0.3426683,0.054815806,0.03801044,0.01195411,-0.16447568,-0.16207576,-0.07976142,-0.13527714,0.2667845,0.31600878,-0.49099916,-0.16177906,0.07392235,-0.10178991,0.24063769,0.073847085,0.061725616,-0.1314427,0.3500042,0.1533265,-0.31109905,-0.23657836,0.070785366,0.13247646,0.036208335,0.028917797,-0.117573254,0.36269376,0.66549695,-0.3432598,0.098505884,0.41669354,-0.050879303,-0.066504695,-0.14077121,-0.068382256,0.36547482,0.18004224,-0.06077232,-0.16276556,0.17083836,0.1669706
-0.18374355,-0.12926778,-0.2874358,0.048345692,-0.14424215,-0.39209127,0.14788435,0.024274066,-0.24613439,-0.050045554,0.21574615,0.04331068,0.08913004,-0.071100645,-0.01699855,0.098365165,0.35422575,0.20966098,-0.43076277,-0.199929,0.26787427,-0.083294205,0.17066874,0.042910967,0.13225278,-0.018574702,0.15937841,0.3333845,-0.2785213,-0.1315812,0.053665783,0.20270087,0.028111672,0.119462654,-0.051927295,0.2075688,0.46961483,-0.37401253,0.023668887,0.47175753,-0.104095235,0.111035295,-0.075636625,-0.1630249,0.3429709,0.27169263,0.054551184,-0.37858248,0.1191128,0.091219306
-0.18985844,-0.057170324,-0.2630303,0.014731633,-0.04249763,-0.26864582,0.11468211,0.07875878,-0.16571079,0.0100098215,0.19464287,0.09307587,0.14031588,-0.03187669,0.06489699,0.024503153,0.33445552,0.28271145,-0.37453827,-0.21257015,0.2996123,-0.16000585,0.14954649,0.06651911,0.12489051,0.026922189,0.12504318,0.44981146,-0.33977678,-0.14393091,0.014165202,0.2030435,0.08503958,0.09137328,-0.04333879,0.09798923,0.41717282,-0.29477775,-0.04397249,0.45261648,-0.15352914,0.12430768,-0.10587521,-0.06784603,0.368882,0.22013618,0.087870814,-0.35966495,0.15698496,0.027507516
-0.20897731,-0.08579333,-0.027483195,0.1437333,-0.009863344,-0.19645935,0.07275192,-0.13874976,-0.44079053,0.06598014,0.08278524,-0.018297574,0.0063178106,-0.047644503,-0.03166734,0.049177248,0.45593157,0.29222766,-0.41450113,-0.11046121,0.025398461,-0.03806455,0.27793345,-0.13915485,0.026280686,0.11122127,0.19469395,0.19015574,-0.19245544,-0.24267049,0.095717795,0.1463909,-0.038109105,-0.009426664,-0.18088387,0.11152936,0.20426506,-0.39801568,-0.083182976,0.42465922,0.18363145,0.03533749,-0.06308005,-0.060353536,0.32632998,0.22377205,-0.20530641,-0.17381048,0.18661587,0.110611685
-0.1807121,-0.07953255,-0.061476447,0.044968925,-0.039142795,-0.16111466,0.14246973,0.0020671021,-0.37060595,0.03632794,0.09163731,-0.009090746,0.011546819,-0.04623405,0.019377787,0.0874096,0.41146538,0.42415738,-0.39708325,-0.16023903,0.13397965,-0.0031036562,0.32284808,-0.124967135,0.097663894,0.0756935,0.10271291,0.25916997,-0.22595143,-0.1883631,0.06885488,0.11894835,0.09439011,-0.106563926,-0.15590481,0.030533193,0.27702475,-0.25985557,-0.012924546,0.32549015,0.13951266,-0.019701451,-0.16217801,-0.13897134,0.4404689,0.24227408,-0.07132202,-0.25384519,0.18126933,0.07276963
-0.3509065,-0.028615858,-0.22853096,-0.08358888,-0.17382015,-0.32486373,0.10427174,0.024517821,-0.33228338,-0.008671786,0.14106238,0.038812466,0.024906158,-0.17744635,-0.027560322,-0.097620845,0.24821365,0.22487615,-0.50177467,-0.19241066,0.11030654,-0.08993306,0.22399369,0.087905295,0.048033874,-0.03398777,0.2728017,0.23981954,-0.27819398,-0.1490717,0.08373408,0.039713185,0.022685798,-0.023034584,-0.07863726,0.21748693,0.5157716,-0.21831572,0.052275937,0.44754013,-0.05020995,0.07534571,-0.18736462,-0.03295322,0.38521126,0.18660587,-0.027239783,-0.19970153,0.17913353,0.10494976
-0.20537898,-0.05773477,-0.22638272,0.055863004,-0.031693522,-0.38932905,0.04380401,0.029939564,-0.18887363,-0.077969216,0.22169304,-0.01111306,0.12629537,-0.051702417,0.060363885,0.06156939,0.30899698,0.20762758,-0.43757913,-0.17864056,0.23197453,-0.091165006,0.09556198,0.014236335,0.14015199,-0.0015699832,0.1883623,0.38585827,-0.25496152,-0.08825832,0.03436202,0.11410229,-0.02069138,0.1360364,-0.07663301,0.18247487,0.47980353,-0.28871062,-0.07192378,0.4808998,-0.09795696,0.12497686,-0.046095315,-0.07251942,0.27955645,0.22371234,0.10849283,-0.3650035,0.09371871,0.11532081
-0.24398832,-0.07624372,-0.2258366,0.045276627,0.024350708,-0.37892768,0.026229836,-0.061017223,-0.23046356,0.0722487,0.112120055,-0.006389598,-0.018162841,-0.02853623,0.029925648,0.19569714,0.28670377,0.33184466,-0.31288603,-0.1070758,0.28538552,0.025119705,0.16416657,-0.10653745,0.20848326,0.080608025,0.17257313,0.335643,-0.23667666,-0.22725284,0.075558364,0.21522549,0.10707481,0.1379059,-0.0729342,0.11809971,0.40941042,-0.36799318,-0.054274295,0.51515746,-0.034281086,0.0474143,-0.1047914,-0.103816934,0.2938539,0.23831673,0.0072816177,-0.34503537,0.18837354,0.12544705
-0.20687287,-0.078775704,0.060772885,0.2107189,0.0069517777,-0.16329917,0.064141035,-0.13790753,-0.49908483,0.008638477,0.104709804,-0.05459758,-0.012187006,0.016412066,-0.054997236,0.017823633,0.5597551,0.27956557,-0.44339663,-0.07365556,-0.06213663,-0.1186011,0.35767525,-0.06202635,-0.0078573655,0.1435008,0.15426317,0.23140743,-0.1640242,-0.2610315,0.11802822,0.10464649,-0.06498089,-0.100138895,-0.1418918,0.06914913,0.1881789,-0.3996463,-0.09960542,0.44492978,0.2707196,-0.0031530035,-0.08763298,-0.08390124,0.2551495,0.14788334,-0.15055767,-0.08515438,0.19334748,0.10398806
-0.19862224,-0.07562127,-0.07193837,0.07769545,0.006316194,-0.10798176,0.1275552,0.049321342,-0.37414515,0.08740547,-0.026735898,-0.016272882,-0.09976053,-0.036639538,0.036099862,0.10736972,0.3682008,0.39198428,-0.3213571,-0.117024474,0.07153576,-0.0027241225,0.33126813,-0.122945726,0.12916079,0.016287478,0.04765091,0.23795573,-0.1902922,-0.24747087,0.043601867,0.15905888,0.14600453,-0.13645965,-0.12815668,0.008940136,0.31272528,-0.28087106,-0.0570893,0.30061212,0.14512014,-0.06705524,-0.23640871,-0.14986521,0.34964412,0.15896991,-0.02752239,-0.19959441,0.13566647,0.10015141
-0.4028397,0.043045264,-0.21006618,-0.10408747,-0.04942526,-0.4615232,-0.0037555315,0.022300042,-0.25391272,-0.0040295455,0.13945907,-0.021769602,-0.09215305,-0.1397697,-0.018615028,0.004868379,0.34883666,0.26998484,-0.45294836,-0.028347086,0.12865885,-0.07321631,0.22950543,0.060438924,0.07773216,-0.03436361,0.26373175,0.2655521,-0.19605227,-0.26638412,0.034766607,0.106999025,0.040540732,0.05440445,-0.08647735,0.26436046,0.6513571,-0.35578045,-0.0217456,0.52195764,-0.0031877423,-0.017001387,-0.09503978,-0.12945932,0.3315578,0.13927448,0.03093255,-0.1947598,0.13599321,0.18819752
-0.11248709,-0.16273941,-0.3190919,0.0037999218,-0.11111249,-0.29671025,0.119608976,-0.02390942,-0.28516817,0.07931063,0.06853945,-0.0039155297,-0.013092104,-0.013233791,-0.01167409,0.16365907,0.29153267,0.2691595,-0.3116357,-0.134795,0.13324215,-0.05317127,0.17555596,-0.045627903,0.19338652,-0.057755783,0.12898272,0.18062028,-0.1968086,-0.16171741,0.13127331,0.26585266,0.020377358,0.11589729,-0.106319085,0.14790288,0.3561173,-0.42822453,0.00872527,0.33116007,-0.002133445,-0.018070787,-0.040682983,-0.19352189,0.26424673,0.28703737,0.017266836,-0.3568688,0.05266821,0.07229962
-0.2893557,-0.08788619,-0.22444606,0.019687423,-0.06336552,-0.3774228,0.045490358,-0.03400502,-0.1856948,0.072207,0.16623598,0.022307007,0.011254812,-0.120295845,0.07788308,0.09673692,0.281892,0.2805645,-0.390791,-0.036810886,0.19546157,-0.06096254,0.17497101,0.08050953,0.21947488,-0.018749764,0.14341748,0.40540072,-0.15869422,-0.33907056,0.0047290707,0.19424367,0.17467442,0.08584836,-0.06611869,0.051969256,0.62578994,-0.3129174,-0.16490875,0.51151794,-0.1150846,0.059916064,-0.19822565,-0.16675548,0.31821603,0.12473246,0.11566711,-0.31893748,0.07806067,0.18287362
-0.23145401,-0.031845964,0.023845913,0.17546242,0.09411853,-0.17594288,0.1042255,-0.0074058855,-0.37466258,0.025489643,0.15735804,-0.043771278,-0.022406247,-0.033323172,0.097715795,0.08044256,0.52398545,0.34186396,-0.44955724,-0.09344312,0.025586959,-0.10662474,0.3476053,-0.1323249,0.05645884,0.07977016,0.10483273,0.2331824,-0.12853923,-0.22164077,0.08545198,0.17466895,-0.030869043,-0.029465567,-0.20445827,0.16173096,0.3315089,-0.37771124,-0.156399,0.47796088,0.23256256,-0.004655591,-0.06123254,-0.13848905,0.32788184,0.27313605,-0.10912419,-0.26354414,0.08250773,0.115663975
-0.25888756,0.014838936,0.0069173784,0.06407943,0.022885896,-0.19345629,0.10489692,0.020027656,-0.33384612,-0.04706813,0.13270128,-0.03569403,-0.009446607,-0.03338477,0.058972128,0.099856876,0.41354603,0.3683351,-0.39884844,-0.10769489,0.13954173,0.04992289,0.34509063,-0.089958824,0.09735932,0.12441496,0.13667041,0.29009637,-0.20384112,-0.21819507,0.016682262,0.0587004,0.06253396,-0.06473965,-0.16520613,0.04627826,0.34128314,-0.3056401,-0.16492637,0.35154563,0.1299761,0.014701999,-0.11857135,-0.12607417,0.3874706,0.1711403,-0.0699228,-0.19868928,0.1653176,0.13946554
-0.387056,-0.06550457,-0.24967183,-0.0320996,-0.16214508,-0.37574232,0.105529636,0.021539545,-0.28175503,0.03296884,0.08702773,0.05425638,-0.10097821,-0.23548557,-0.031563964,-0.010226374,0.22032739,0.100836694,-0.42396146,-0.06312135,0.06645354,-0.09411788,0.23161854,0.10954217,0.030119251,-0.13133681,0.21924719,0.16340534,-0.16367307,-0.20938991,0.06135102,0.11461859,0.045568615,0.007397417,-0.025967136,0.2889778,0.63732505,-0.31858027,0.035541426,0.5093909,-0.020718249,0.030842941,-0.20149471,-0.12917508,0.30118454,0.13411957,0.009118253,-0.17505725,0.091465056,0.16810228
-0.19048941,-0.07812452,-0.19518323,0.086996235,-0.03021413,-0.49049333,-0.016878383,-0.037504125,-0.22325712,-0.05753505,0.26481348,-0.05967052,0.054744784,0.07597268,0.006856338,0.119834766,0.33441755,0.3514559,-0.38379627,-0.118706726,0.24906829,-0.004872226,0.11999507,0.0021916598,0.3162559,0.053692248,0.14879252,0.3931246,-0.21174538,-0.27465206,0.03609407,0.18008281,0.097607605,0.22211361,-0.12355879,0.11002627,0.55020213,-0.38289675,-0.1865625,0.4278316,-0.12153762,0.054728236,-0.05494091,-0.15009458,0.20333004,0.18532951,0.08924272,-0.33033025,0.082979985,0.22065188
-0.16427201,-0.14311306,-0.16174161,0.08564419,-0.0685156,-0.365629,0.031943526,-0.12567851,-0.2045222,0.055612944,0.15161352,-0.028421981,0.02951419,-0.079870254,0.029387372,0.20037374,0.34846342,0.2636301,-0.35397977,0.024989676,0.177258,0.0011031236,0.16579123,-0.0038687089,0.2084026,0.04205946,0.09981176,0.36649615,-0.097339295,-0.30651376,0.008442178,0.17550911,0.13256246,0.06007366,-0.06410441,0.007722087,0.4711548,-0.33047312,-0.1111324,0.4865047,-0.029939774,0.049844656,-0.13168293,-0.20811304,0.28579903,0.14587383,0.11750108,-0.30469117,0.09478324,0.16065504
-0.18321495,-0.124223575,0.021901973,0.23500687,0.00497894,-0.16489334,0.09102063,-0.10178153,-0.4652122,0.042242154,0.098613806,-0.05405245,-0.056689765,-0.006403828,-0.011015689,0.060730387,0.45550618,0.27267617,-0.40456176,-0.09135325,-0.059327163,-0.082859285,0.32890233,-0.10748091,0.074435584,0.062976725,0.100430116,0.15671958,-0.10774991,-0.23824303,0.13660818,0.14980055,-0.020869754,-0.065773904,-0.16104253,0.120606124,0.24415606,-0.36951265,-0.099442124,0.423638,0.2381836,-0.013914527,-0.13154194,-0.116632365,0.21355121,0.20108886,-0.14067104,-0.15997228,0.109184444,0.12693684
-0.41200075,0.008981194,-0.27002883,-0.15387645,-0.17692421,-0.3221489,0.13697714,0.10627862,-0.20806186,-0.043002084,0.14243521,0.025480207,-0.05172577,-0.21904449,0.020923376,-0.08453152,0.07585548,0.1216992,-0.39025915,-0.1780226,0.05595993,-0.09816061,0.21428405,0.1647402,0.06555357,-0.12736557,0.22827153,0.058082554,-0.17452179,-0.06899916,0.15618598,0.039098475,-0.009318237,0.030671284,-0.062296603,0.29754907,0.56892115,-0.14804919,0.059786152,0.34497008,-0.058451418,-0.0006091499,-0.17282434,-0.07251137,0.28534377,0.18964192,-0.012786122,-0.20243852,0.045881707,0.09236826
-0.22456704,-0.028390726,-0.16058081,-0.009243127,-0.05019107,-0.30955714,0.09471463,-0.025166852,-0.10026831,-0.017248582,0.33246487,0.025903631,0.14716794,-0.033409458,0.12371509,0.060242016,0.25974944,0.31268027,-0.346291,-0.15055525,0.2653795,-0.06339271,0.15639547,0.089523226,0.22240208,0.08719782,0.10132134,0.30920687,-0.14165324,-0.23885106,0.08540184,0.16778061,0.09959751,0.17135884,-0.1314155,0.06802006,0.42818576,-0.2200094,-0.18631437,0.35971043,-0.120406374,0.089989394,-0.044948503,-0.13835612,0.33140728,0.27036524,0.011782628,-0.3829443,0.02960709,0.06871902
-0.26313916,-0.006270319,-0.20058028,-0.066746965,0.024160849,-0.3186606,0.020894507,0.046972543,-0.20379166,0.07196091,0.11298134,-0.02830078,-0.03296971,-0.058425747,0.09942152,0.07362273,0.3311108,0.32436728,-0.3738459,-0.037271854,0.097347125,-0.0949716,0.18802826,0.030991225,0.18491703,-0.04834251,0.1687541,0.29197332,-0.12990822,-0.31472063,0.010640981,0.21604513,0.05536957,0.088368975,-0.16910885,0.12769224,0.57093644,-0.38639075,-0.21773957,0.38637418,-0.026530528,-0.050305273,-0.045962114,-0.1794064,0.30905157,0.17048447,0.056755677,-0.3033712,-0.0050670123,0.17115183
-0.14089961,-0.052718107,-0.21953556,-0.07119068,-0.01040755,-0.21425082,0.078953065,0.036382914,-0.01904191,0.06646926,0.21724515,0.07482423,0.13631292,-0.02390046,0.19132392,0.07936082,0.19205986,0.3367818,-0.22711381,-0.09255126,0.23932223,-0.054471288,0.090307094,0.095963575,0.28779024,-0.010036263,0.052850973,0.3580214,-0.13880083,-0.3171236,-0.046592176,0.26568815,0.1742491,0.19173695,-0.179864,-0.061920203,0.5025963,-0.2984992,-0.37772027,0.18264043,-0.23086701,0.05293286,-0.03031527,-0.17845,0.32953584,0.18081455,0.06706639,-0.41702256,-0.09702697,0.11510243
-0.48751104,0.07569583,-0.15467755,-0.12426687,-0.06621594,-0.2984682,0.13662934,0.13644616,-0.16134246,-0.032955434,0.22641923,0.027023906,-0.035696264,-0.22981147,0.14805335,-0.073443115,0.14526086,0.2483752,-0.42634335,-0.15145776,0.103342846,-0.09363584,0.2711467,0.14073983,0.10808382,-0.06404657,0.17168394,0.1547062,-0.1261153,-0.17380704,0.10517064,0.06118523,0.07730894,0.026295088,-0.12497082,0.23387066,0.66873,-0.10603658,-0.10678785,0.39629075,-0.032846756,0.00010959237,-0.2042827,-0.105754815,0.37603942,0.20684256,-0.013990098,-0.26038817,0.0038523166,0.12764557
-0.34434405,-0.010152354,-0.17079115,-0.029829076,-0.06399901,-0.30761072,0.10129218,0.01945437,-0.17323299,-0.0019643551,0.25817305,0.0071053584,0.02614352,-0.09067613,0.114406206,0.014512449,0.21225701,0.28560263,-0.37548125,-0.14008306,0.16850226,-0.097434945,0.2309639,0.13442986,0.19151177,0.018638527,0.12195914,0.25025216,-0.12532523,-0.23877418,0.13942094,0.1234496,0.10436375,0.07672601,-0.09185966,0.12064815,0.5270924,-0.17881194,-0.12642747,0.40379032,-0.047395363,0.023315338,-0.16214424,-0.13337888,0.29532728,0.21981406,0.0339068,-0.30697286,0.03382171,0.0907894
-0.3124558,-0.0052404553,-0.15010493,-0.050104044,-0.03084856,-0.3290364,0.0030189892,-0.016504616,-0.15029639,0.018257834,0.18638945,-0.031783294,0.032833,-0.09065405,0.11096018,0.04555139,0.15885352,0.31836116,-0.3318637,-0.075016156,0.19168313,-0.024395168,0.14311616,0.08767941,0.24910207,0.025289994,0.13247328,0.344338,-0.119688034,-0.2747036,0.056376755,0.07525259,0.15990204,0.05329884,-0.08762034,0.014538209,0.55198187,-0.120801024,-0.16488871,0.39518538,-0.100738354,0.015093557,-0.19902432,-0.10410298,0.2911142,0.110439,0.11497738,-0.27499336,0.05218489,0.14767748
-0.22724311,0.027646258,-0.07176711,-0.01191796,0.0489973,-0.08442994,0.14111407,0.13583565,-0.27092576,0.043560274,0.07275705,0.012781075,-0.010182182,-0.031559605,0.1140121,0.048849203,0.3749407,0.38325453,-0.34172714,-0.13923731,0.10799932,-0.080536865,0.3266392,-0.0328275,0.07636214,0.02829345,0.07395439,0.30165005,-0.20927069,-0.1859859,0.022072207,0.14142385,0.10263223,-0.09568953,-0.14413497,0.009827083,0.35122272,-0.26058003,-0.13366817,0.25508606,0.090184525,-0.035623856,-0.13710643,-0.14323403,0.39558166,0.18701886,-0.016032156,-0.24550065,0.08163006,0.06284724
-0.3566802,0.017740635,-0.37857023,-0.2123348,-0.08494387,-0.34195092,0.10774937,0.15456836,-0.26074597,0.13719776,0.025199281,0.05655224,-0.090073265,-0.18035784,0.0057743387,-0.052960943,0.29703504,0.37810758,-0.44429597,-0.20166686,0.15481877,-0.13522795,0.1974005,-0.029153602,0.08051386,-0.15097289,0.24362046,0.16043296,-0.32666272,-0.19806099,0.057121087,0.2483103,0.057669986,0.063910566,-0.1610948,0.34537065,0.586254,-0.31588233,0.12776178,0.39898705,-0.048969753,-0.05213087,-0.12389744,-0.109692715,0.45792145,0.30305374,-0.039917834,-0.31494504,0.121438354,0.08312508
-0.25038958,-0.036990605,-0.39046636,-0.12624899,-0.12879522,-0.48378235,0.08338838,0.077905625,-0.15741658,0.0015883946,0.1909792,0.010342332,0.08252001,-0.14331037,0.028830444,0.048882373,0.26668936,0.30411544,-0.46469674,-0.22125483,0.3029676,-0.08594469,0.09101916,-0.012405749,0.16274206,-0.06925245,0.22397402,0.28488475,-0.3087132,-0.097642794,0.07214865,0.18746173,0.022803944,0.17043091,-0.12693942,0.3192712,0.5662167,-0.275207,0.13009633,0.4834567,-0.1509492,0.07980593,-0.04465278,-0.10897479,0.4283687,0.35912684,0.07380847,-0.4501453,0.10962363,0.075922415
-0.22798234,-0.123434916,-0.2720773,0.034502402,-0.08582459,-0.3480116,0.053382326,-0.030286701,-0.22496434,0.05368212,0.12877516,0.022915449,0.09649408,-0.08249951,0.04045654,0.11595563,0.18057479,0.3066218,-0.3631154,-0.18320577,0.29974544,0.03733988,0.10241521,-0.06239885,0.2303344,0.0077317,0.19068243,0.3899473,-0.28911126,-0.18976538,0.048208117,0.13341717,0.14135668,0.09996049,-0.07718982,0.046239376,0.4586252,-0.25515732,-0.07203808,0.44021916,-0.15121914,0.113229245,-0.1999555,-0.044546787,0.352092,0.20116024,0.054649472,-0.3529996,0.163115,0.13463718
-0.18148413,-0.056463927,-0.02312203,0.08959974,0.006097895,-0.22660321,0.06557003,-0.066931784,-0.38332662,0.008972811,0.10689233,-0.05762237,-0.017293936,0.0029298568,-0.053524684,0.11077702,0.49879184,0.4238974,-0.39171436,-0.101982586,0.14712895,0.0055543794,0.3122713,-0.15117273,0.09572102,0.15956953,0.12031255,0.27975586,-0.22536245,-0.22764003,0.06791482,0.12798971,0.08113054,-0.0707127,-0.1410925,0.059913926,0.21046343,-0.30614707,0.024524009,0.38789248,0.17084576,-0.025055327,-0.10110885,-0.11455231,0.37513095,0.22387224,-0.07901009,-0.19779724,0.23956138,0.062012725
-0.21177582,-0.017277144,-0.026052983,0.063974366,0.0003712325,-0.17172296,0.12775019,-0.0013954741,-0.38059425,-0.026968177,0.15890111,-0.014836402,0.026905041,0.016420344,0.000295459,0.063623495,0.52056074,0.3945703,-0.41540805,-0.12750797,0.14004433,-0.04673655,0.37431866,-0.0408287,0.061008345,0.13911927,0.12043937,0.33723113,-0.25885665,-0.20310317,0.05197512,0.099595055,0.04178595,-0.098930284,-0.13219497,0.011132429,0.27508783,-0.35387862,-0.08816027,0.3530047,0.15145795,0.0029112138,-0.097318485,-0.13366817,0.4096833,0.1812572,-0.049042888,-0.20644388,0.20363243,0.05948803
0.025932044,-0.07714112,0.050937176,0.0855328,-0.09792021,-0.068764895,0.03145297,-0.017688489,-0.14610338,-0.09284467,0.06710382,-0.109523505,0.011493797,0.051034905,-0.025048548,0.053186566,0.10371845,0.05869013,-0.11490809,-0.01504303,-0.10314184,0.011160059,0.10092552,0.030741967,0.08729988,-0.014438552,-0.041575074,-0.0061555756,0.0523658,-0.0016496909,0.057856098,-0.07563826,-0.03893905,-0.0854877,-0.06798438,-0.013846127,0.08486118,-0.016185248,-0.050202865,-0.047080327,0.100500666,-0.0679413,-0.060578145,-0.109026946,-0.0028614297,0.03412519,0.045744978,-0.02288074,-0.07147722,0.07174385
0.0044192453,-0.075780936,0.06525916,0.09629929,-0.062872894,-0.0780922,0.0086229155,-0.032145366,-0.15825523,-0.067877516,0.040741842,-0.13589725,-0.03584998,0.0452145,-0.009273211,0.07544576,0.10106957,0.061765734,-0.111264795,0.020645697,-0.14961495,0.016757036,0.108157754,0.0034710953,0.097089104,-0.027403412,-0.040233422,-0.041440587,0.09929832,-0.027648013,0.07346114,-0.06419554,-0.048624337,-0.082569554,-0.08464444,0.002635016,0.1087207,-0.034952067,-0.07720648,-0.028274443,0.1464416,-0.101023205,-0.058487076,-0.122697055,-0.034131322,0.036234435,0.0388178,-0.019634528,-0.099252105,0.09666602
0.0058563263,-0.057611305,0.04522695,0.05908093,-0.09198465,-0.08423601,0.035693,-0.0022898072,-0.14567198,-0.09679226,0.066828534,-0.1167719,-0.007107529,0.04242599,-0.02046476,0.065345354,0.11149905,0.074699745,-0.12225866,-0.012316311,-0.09483772,0.026028177,0.117252834,0.017550135,0.08339954,-0.015058655,-0.027983127,-0.023070151,0.0511823,0.001831147,0.05902498,-0.07494292,-0.04676473,-0.08019199,-0.081868954,0.012689714,0.10319519,-0.030428978,-0.044588383,-0.046397682,0.11445723,-0.08243545,-0.044409864,-0.12187042,0.01750571,0.05489785,0.033433553,-0.032963272,-0.07158691,0.07729641
0.035081066,-0.083258666,0.029600024,0.064168505,-0.108013704,-0.075509205,0.027335452,-0.031130956,-0.14826883,-0.08072329,0.037388407,-0.11056649,-0.0026119996,0.04856148,-0.04422235,0.08452868,0.085907,0.061697964,-0.090891555,-0.00751347,-0.08084676,0.051371533,0.09595635,0.006670178,0.0921538,-0.009047828,-0.025967587,-0.015212993,0.040375825,0.0034382574,0.056284416,-0.07334266,-0.030463504,-0.0842603,-0.05927297,-0.023596799,0.0625058,-0.031115696,-0.025061794,-0.059470974,0.09572729,-0.072936006,-0.056793865,-0.11071142,0.005358826,0.031544007,0.03932911,-0.02100683,-0.047345567,0.07183119
0.016754318,-0.0697609,0.05672083,0.081401445,-0.085870735,-0.08354153,0.018687954,-0.033417616,-0.14744489,-0.08888927,0.055052243,-0.11357953,-0.004942563,0.04989648,-0.032631565,0.08403943,0.10976551,0.06268018,-0.10589294,0.009017741,-0.08482152,0.047385387,0.108330674,0.009699505,0.08774626,0.004479099,-0.022759145,0.0032715627,0.05071127,-0.017799327,0.04441295,-0.07428231,-0.031952187,-0.08110904,-0.064106956,-0.022424646,0.085325256,-0.045641035,-0.061758924,-0.032350685,0.10646339,-0.06804156,-0.05100992,-0.113893695,0.0033741873,0.02047301,0.038141936,-0.013742267,-0.049532577,0.08925657
-0.30977347,0.06413149,-0.24869142,-0.17461272,-0.1735158,-0.30274764,0.15960635,0.1823777,-0.14158358,-0.119929865,0.19603106,0.053757824,0.034694165,-0.15221135,0.026263036,-0.020063363,0.21296616,0.24095777,-0.37666008,-0.18868116,0.26696604,-0.0535425,0.25209075,0.16641676,0.04537928,-0.03816208,0.17728306,0.2876034,-0.2966273,-0.049097214,0.0033585387,0.0067531113,0.083632186,-0.038215376,-0.023459148,0.17017475,0.5443976,-0.14274696,0.08465535,0.30460685,-0.118431956,0.047859836,-0.16070183,-0.121394515,0.43235812,0.173091,0.09190519,-0.23720653,0.14863952,0.059447072
-0.1915978,-0.017708307,-0.3216343,-0.15846926,-0.10940346,-0.34830084,0.09995766,0.0938663,-0.054314435,0.019284986,0.23026179,0.08632252,0.1593436,-0.057393797,0.073700175,0.05740453,0.26695895,0.3945476,-0.30970955,-0.18633665,0.43544883,-0.040170997,0.117988534,0.090889275,0.23559678,0.02639272,0.11573667,0.47689146,-0.33155927,-0.23951113,-0.045835506,0.2139237,0.20717458,0.13294277,-0.0664805,0.014577225,0.5269054,-0.23213929,-0.051688325,0.33014005,-0.27469623,0.09029396,-0.11771786,-0.1463145,0.47401053,0.21363911,0.12621047,-0.3994934,0.13735074,0.066656165
-0.2386502,-0.04108005,-0.3285328,-0.0897323,-0.08316729,-0.27096552,0.14352347,0.09919471,-0.12188872,0.008534334,0.16075958,0.07961053,0.13945746,-0.12232476,0.11199047,0.09730942,0.22132099,0.33066615,-0.3381727,-0.24107015,0.42502683,-0.043515835,0.17037365,0.021668212,0.17420596,0.028434835,0.13274743,0.45054772,-0.3569713,-0.10474592,0.021059169,0.15233788,0.17404504,0.060004514,-0.03025901,0.046610057,0.46831656,-0.18242443,0.039128643,0.43070504,-0.19385062,0.10930537,-0.18548481,-0.087796174,0.4831051,0.26000792,0.14661464,-0.42710763,0.17031135,0.015045673
-0.20272012,-0.067685,-0.057050753,0.0393082,-0.0723566,-0.16762565,0.114372626,-0.094678916,-0.4192159,0.04076897,0.07884813,-0.01920519,0.012728214,-0.05470975,-0.03569372,0.043421272,0.41269717,0.37986568,-0.4089731,-0.13395303,0.075497314,0.007394475,0.3112101,-0.117911756,0.088102385,0.106525116,0.16048424,0.21542582,-0.21336302,-0.22235602,0.089338385,0.0932152,0.04440847,-0.084643155,-0.17507876,0.03635492,0.22796759,-0.30183038,-0.041046347,0.32139266,0.13591173,0.003079359,-0.13686661,-0.09650328,0.4061804,0.20350173,-0.15560849,-0.1893004,0.18163203,0.07127433
0.040698916,-0.08553333,0.048228595,0.09063639,-0.10935831,-0.08266037,0.036484968,-0.05792741,-0.20508383,-0.13211143,0.07768929,-0.10939842,0.03295659,0.076879695,-0.070267394,0.038121093,0.14083762,0.0655943,-0.15361086,-0.041652165,-0.087067194,0.0118903,0.1042829,0.023170985,0.068534456,0.018432897,-0.021427894,-0.013144021,0.0051639434,0.0357422,0.08484844,-0.10860456,-0.07010993,-0.08440504,-0.060300224,-0.0051656975,0.021889877,-0.026340775,0.015883097,-0.027288012,0.1074549,-0.03281033,-0.026479743,-0.08196798,-0.017613329,0.06364581,0.03480065,-0.023998098,-0.0038458537,0.04054894
0.040335283,-0.0692132,0.025729029,0.05322668,-0.10010984,-0.050133593,0.041496735,-0.021803593,-0.18624054,-0.11183775,0.05347849,-0.089821875,0.037577577,0.07334916,-0.050752692,0.020369219,0.11691185,0.0843013,-0.13716072,-0.060169812,-0.07397135,0.0102660125,0.09387895,0.021990737,0.0692964,8.5290136e-05,-0.017158052,-0.0021274006,-0.021395614,0.040011976,0.06451108,-0.09713161,-0.0533401,-0.08583656,-0.070016794,-0.021639891,0.02406113,-0.01974888,-6.174724e-05,-0.06818553,0.07828572,-0.035168417,-0.030545501,-0.066873446,0.008431457,0.0581017,0.03260193,-0.033681728,-0.009190809,0.03194323
0.026697764,-0.057966933,0.016784139,0.052441224,-0.10669554,-0.058575507,0.04388314,0.0073085325,-0.20881537,-0.13642362,0.038305372,-0.08964325,0.02361762,0.075338766,-0.071107306,0.0063289413,0.12892006,0.05720554,-0.15647812,-0.06851563,-0.08314988,0.0016825574,0.11027051,0.034231532,0.040580694,-0.01336313,0.009744218,0.0063838367,-0.054191116,0.06682125,0.054270227,-0.118212596,-0.07905197,-0.10327416,-0.054368164,0.006571904,0.040479194,-0.04596653,0.01661165,-0.0582317,0.08272529,-0.033212725,-0.031707235,-0.054542612,0.0002239098,0.035660278,0.04170134,-0.0049571185,0.013201482,0.04233756
0.012003206,-0.060487326,0.03323765,0.06279167,-0.087828234,-0.054153077,0.038707767,-0.029270101,-0.19448131,-0.09643296,0.053040154,-0.07873765,0.018271487,0.065812625,-0.059415706,0.004386421,0.12731318,0.087956645,-0.14268406,-0.058296714,-0.07017212,-0.0030416953,0.10431031,0.019352196,0.057002522,0.00893931,-0.01131079,-0.0007599177,-0.027193068,0.0168326,0.07003295,-0.08089543,-0.039041772,-0.085027225,-0.058643438,-0.0066489754,0.026850197,-0.021782093,0.015732566,-0.027674977,0.08556214,-0.032411195,-0.044699337,-0.05586963,0.009238824,0.051867258,0.013355781,-0.018514436,0.012366366,0.030591788
0.016265025,-0.06206851,0.035131913,0.057820857,-0.08539554,-0.06337474,0.030056575,-0.041100264,-0.19599123,-0.10034552,0.05649003,-0.094146416,0.018767567,0.0752369,-0.0555997,0.021368006,0.12649262,0.101370215,-0.13904662,-0.051276613,-0.07103604,0.010606807,0.10458349,0.0146027,0.074029446,0.017175836,-0.010883778,-0.001782608,-0.01640433,0.013222859,0.078966156,-0.08657881,-0.041402347,-0.08094657,-0.06714238,-0.018431803,0.026037946,-0.023646843,0.0034000473,-0.036786437,0.09241106,-0.041912407,-0.037775908,-0.06500033,0.0048638256,0.056913536,0.018124538,-0.027115531,0.0062387814,0.035195213
